GEOID,pop_50plus
250010101001,678.0
250010101002,267.0
250010101003,286.0
250010101004,267.0
250010101005,434.0
250010102061,394.0
250010102062,842.0
250010102063,1204.0
250010102081,491.0
250010102082,356.0
250010102083,305.0
250010103041,734.0
250010103042,531.0
250010103043,543.0
250010103061,674.0
250010103062,476.0
250010103063,494.0
250010104001,254.0
250010104002,620.0
250010104003,512.0
250010104004,510.0
250010105001,892.0
250010105002,748.0
250010105003,607.0
250010106001,560.0
250010106002,418.0
250010106003,859.0
250010106004,327.0
250010107001,326.0
250010107002,861.0
250010107003,472.0
250010107004,397.0
250010108001,748.0
250010108002,432.0
250010108003,318.0
250010108004,259.0
250010108005,997.0
250010109001,938.0
250010109002,620.0
250010109003,792.0
250010109004,730.0
250010110021,390.0
250010110022,348.0
250010110023,393.0
250010110024,1087.0
250010111001,567.0
250010111002,612.0
250010111003,1333.0
250010111004,672.0
250010112001,624.0
250010112002,709.0
250010112003,551.0
250010112004,491.0
250010113001,473.0
250010113002,734.0
250010113003,423.0
250010114001,683.0
250010114002,587.0
250010114003,256.0
250010114004,530.0
250010115001,235.0
250010115002,453.0
250010115003,272.0
250010115004,374.0
250010115005,648.0
250010116001,639.0
250010116002,281.0
250010116003,569.0
250010117001,424.0
250010117002,502.0
250010117003,431.0
250010118011,1108.0
250010118012,768.0
250010118021,513.0
250010118022,476.0
250010118023,611.0
250010118024,547.0
250010120011,1103.0
250010120012,911.0
250010120013,442.0
250010120014,680.0
250010120021,453.0
250010120022,725.0
250010120023,500.0
250010121011,734.0
250010121012,169.0
250010121013,241.0
250010121014,95.0
250010121015,647.0
250010121021,407.0
250010121022,579.0
250010121023,332.0
250010121024,509.0
250010122001,737.0
250010122002,467.0
250010122003,688.0
250010122004,444.0
250010125021,270.0
250010125022,437.0
250010125023,319.0
250010125024,280.0
250010126011,1027.0
250010126012,290.0
250010126021,345.0
250010126022,465.0
250010126023,301.0
250010126024,576.0
250010127001,534.0
250010127002,561.0
250010127003,440.0
250010127004,918.0
250010128001,338.0
250010128002,547.0
250010128003,902.0
250010129001,432.0
250010129002,457.0
250010129003,1133.0
250010130021,304.0
250010130022,495.0
250010130023,621.0
250010130024,538.0
250010131001,451.0
250010131002,906.0
250010131003,462.0
250010131004,619.0
250010132001,704.0
250010132002,991.0
250010132003,995.0
250010133001,451.0
250010133002,497.0
250010133003,955.0
250010134001,423.0
250010134002,304.0
250010134003,509.0
250010134004,708.0
250010135001,427.0
250010135002,513.0
250010135003,1238.0
250010135004,749.0
250010136001,1332.0
250010136002,925.0
250010136003,415.0
250010137001,603.0
250010137002,437.0
250010137003,335.0
250010137004,494.0
250010138001,1644.0
250010138002,462.0
250010138003,235.0
250010139001,674.0
250010139002,421.0
250010139003,919.0
250010139004,554.0
250010140021,706.0
250010140022,633.0
250010140023,511.0
250010140024,529.0
250010141001,40.0
250010143001,396.0
250010143002,187.0
250010143003,378.0
250010143004,515.0
250010143005,636.0
250010144021,818.0
250010144022,1186.0
250010144023,1161.0
250010145001,867.0
250010145002,1142.0
250010145003,845.0
250010146001,524.0
250010146002,586.0
250010146003,424.0
250010146004,918.0
250010147001,497.0
250010147002,873.0
250010147003,835.0
250010148001,643.0
250010148002,645.0
250010148003,794.0
250010148004,165.0
250010149001,353.0
250010149002,668.0
250010149003,512.0
250010149004,770.0
250010150011,1339.0
250010150012,646.0
250010150021,1617.0
250010150022,592.0
250010151001,964.0
250010151002,1089.0
250010152001,821.0
250010152002,817.0
250010153001,441.0
250010153002,527.0
250010153003,539.0
250019900000,0.0
250039001001,125.0
250039001002,237.0
250039001003,534.0
250039002001,134.0
250039002002,343.0
250039002003,193.0
250039002004,162.0
250039002005,263.0
250039002006,66.0
250039003001,299.0
250039003002,167.0
250039003003,463.0
250039004001,280.0
250039004002,273.0
250039004003,855.0
250039004004,405.0
250039005001,642.0
250039005002,1031.0
250039006001,254.0
250039006002,102.0
250039006003,183.0
250039006004,268.0
250039006005,197.0
250039007001,324.0
250039007002,111.0
250039007003,186.0
250039007004,420.0
250039008001,358.0
250039008002,248.0
250039008003,400.0
250039008004,634.0
250039008005,344.0
250039009001,441.0
250039009002,146.0
250039009003,175.0
250039009004,646.0
250039009005,186.0
250039011001,240.0
250039011002,267.0
250039011003,966.0
250039111001,386.0
250039111002,530.0
250039111003,343.0
250039121001,608.0
250039121002,246.0
250039121003,181.0
250039121004,272.0
250039121005,289.0
250039121006,672.0
250039121007,426.0
250039131001,158.0
250039131002,287.0
250039131003,384.0
250039131004,423.0
250039131005,732.0
250039131006,521.0
250039131007,279.0
250039141001,729.0
250039141002,388.0
250039141003,407.0
250039141004,618.0
250039141005,544.0
250039141006,186.0
250039201011,522.0
250039201012,615.0
250039201013,387.0
250039201014,120.0
250039201021,848.0
250039201022,769.0
250039213001,349.0
250039213002,556.0
250039213003,504.0
250039214001,233.0
250039214002,346.0
250039215001,346.0
250039215002,803.0
250039221001,261.0
250039221002,334.0
250039221003,400.0
250039222001,264.0
250039222002,421.0
250039222003,866.0
250039223001,207.0
250039223002,585.0
250039231001,467.0
250039231002,375.0
250039231003,720.0
250039241001,517.0
250039241002,318.0
250039241003,483.0
250039251011,265.0
250039251012,491.0
250039251021,850.0
250039251022,90.0
250039251023,209.0
250039251024,544.0
250039251025,616.0
250039261001,445.0
250039261002,315.0
250039261003,430.0
250039261004,215.0
250039311001,366.0
250039311002,399.0
250039313001,342.0
250039313002,350.0
250039314001,396.0
250039314002,268.0
250039322001,274.0
250039322002,471.0
250039322003,313.0
250039323001,128.0
250039323002,498.0
250039332001,282.0
250039332002,528.0
250039333001,380.0
250039333002,328.0
250039334001,300.0
250039334002,378.0
250039334003,461.0
250039342001,178.0
250039342002,477.0
250039343001,294.0
250039343002,720.0
250039351001,142.0
250039351002,326.0
250039351003,492.0
250039351004,338.0
250039352001,530.0
250039352002,262.0
250039352003,381.0
250039352004,238.0
250039352005,250.0
250039353001,253.0
250039353002,538.0
250039353003,738.0
250056001001,950.0
250056001002,1019.0
250056002021,885.0
250056002022,508.0
250056002023,581.0
250056002031,874.0
250056002032,292.0
250056002033,451.0
250056002034,638.0
250056002041,580.0
250056002042,662.0
250056101001,712.0
250056101002,481.0
250056101003,305.0
250056102021,806.0
250056102022,421.0
250056102023,419.0
250056102024,247.0
250056102031,362.0
250056102032,406.0
250056102033,678.0
250056102034,481.0
250056102035,494.0
250056102041,429.0
250056102042,655.0
250056102043,432.0
250056111011,1044.0
250056111012,492.0
250056111021,461.0
250056111022,764.0
250056112011,581.0
250056112012,691.0
250056112021,992.0
250056112022,569.0
250056112023,824.0
250056121001,530.0
250056121002,887.0
250056121003,484.0
250056122011,814.0
250056122012,296.0
250056122021,317.0
250056122022,934.0
250056122023,942.0
250056131001,515.0
250056131002,807.0
250056131003,956.0
250056131004,442.0
250056133001,798.0
250056133002,639.0
250056133003,760.0
250056133004,513.0
250056134001,1057.0
250056134002,470.0
250056136001,468.0
250056136002,119.0
250056136003,470.0
250056137001,878.0
250056137002,636.0
250056138001,449.0
250056138002,549.0
250056138003,75.0
250056138004,403.0
250056139011,294.0
250056139012,541.0
250056139021,716.0
250056139022,345.0
250056139023,465.0
250056140001,293.0
250056140002,473.0
250056140003,295.0
250056141011,472.0
250056141012,349.0
250056141013,334.0
250056141014,628.0
250056141021,694.0
250056141022,657.0
250056141023,713.0
250056151001,223.0
250056151002,632.0
250056151003,760.0
250056151004,245.0
250056151005,875.0
250056161001,573.0
250056161002,863.0
250056161003,913.0
250056171011,770.0
250056171012,898.0
250056171013,0.0
250056171021,420.0
250056171022,1028.0
250056301011,193.0
250056301012,637.0
250056301021,648.0
250056301022,255.0
250056301023,505.0
250056301024,280.0
250056302011,534.0
250056302012,803.0
250056302021,340.0
250056302022,147.0
250056302023,196.0
250056302024,946.0
250056303011,664.0
250056303012,537.0
250056303013,345.0
250056303021,317.0
250056303022,540.0
250056304001,541.0
250056304002,590.0
250056304003,668.0
250056311011,253.0
250056311012,169.0
250056311013,649.0
250056311021,617.0
250056311022,187.0
250056311023,404.0
250056311024,273.0
250056312001,515.0
250056312002,283.0
250056312003,486.0
250056312004,210.0
250056312005,616.0
250056313001,592.0
250056313002,729.0
250056313003,469.0
250056314001,226.0
250056314002,527.0
250056315001,580.0
250056315002,212.0
250056316001,339.0
250056316002,137.0
250056316003,290.0
250056317001,375.0
250056317002,451.0
250056317003,647.0
250056317004,584.0
250056318001,1379.0
250056318002,363.0
250056318003,749.0
250056318004,444.0
250056321001,447.0
250056321002,218.0
250056321003,515.0
250056321004,768.0
250056321005,428.0
250056321006,311.0
250056322001,322.0
250056322002,1077.0
250056322003,692.0
250056322004,340.0
250056322005,607.0
250056331001,951.0
250056331002,727.0
250056331003,647.0
250056332001,480.0
250056332002,556.0
250056332003,1152.0
250056332004,354.0
250056401001,167.0
250056401002,98.0
250056401003,300.0
250056401004,474.0
250056401005,411.0
250056402011,305.0
250056402012,202.0
250056402021,279.0
250056402022,175.0
250056402023,1043.0
250056403001,428.0
250056403002,363.0
250056403003,474.0
250056404001,126.0
250056404002,300.0
250056404003,256.0
250056405001,188.0
250056405002,158.0
250056405003,268.0
250056405004,355.0
250056405005,547.0
250056406001,293.0
250056406002,270.0
250056406003,604.0
250056406004,359.0
250056407001,365.0
250056407002,154.0
250056407003,145.0
250056408001,172.0
250056408002,434.0
250056408003,445.0
250056409011,136.0
250056409012,234.0
250056409013,116.0
250056409014,323.0
250056409015,133.0
250056410001,367.0
250056410002,411.0
250056410003,268.0
250056411011,448.0
250056411012,216.0
250056412001,342.0
250056412002,398.0
250056413001,192.0
250056413002,436.0
250056413003,299.0
250056413004,504.0
250056413005,36.0
250056414001,149.0
250056414002,98.0
250056414003,831.0
250056415001,260.0
250056415002,338.0
250056416001,421.0
250056416002,362.0
250056417001,246.0
250056417002,620.0
250056417003,361.0
250056417004,490.0
250056418001,99.0
250056418002,463.0
250056419001,291.0
250056419002,262.0
250056420001,187.0
250056420002,254.0
250056420003,349.0
250056421001,721.0
250056421002,704.0
250056422001,508.0
250056422002,394.0
250056422003,311.0
250056422004,353.0
250056423001,398.0
250056423002,463.0
250056424001,330.0
250056424002,268.0
250056424003,333.0
250056425001,600.0
250056425002,1299.0
250056441011,581.0
250056441012,521.0
250056441013,413.0
250056441014,1211.0
250056441021,718.0
250056441022,996.0
250056442001,615.0
250056442002,323.0
250056442003,576.0
250056442004,477.0
250056442005,384.0
250056442006,338.0
250056451011,236.0
250056451012,535.0
250056451013,274.0
250056451014,685.0
250056451021,338.0
250056451022,502.0
250056451023,486.0
250056451024,794.0
250056451031,705.0
250056451032,1000.0
250056451033,754.0
250056461011,439.0
250056461012,862.0
250056461013,521.0
250056461014,1031.0
250056461031,1214.0
250056461032,857.0
250056461033,425.0
250056461041,577.0
250056461042,236.0
250056461043,692.0
250056501011,529.0
250056501012,532.0
250056501013,904.0
250056501021,466.0
250056501022,379.0
250056501023,566.0
250056502011,512.0
250056502012,353.0
250056502013,245.0
250056502021,592.0
250056503001,265.0
250056503002,183.0
250056503003,186.0
250056503004,350.0
250056504001,257.0
250056504002,168.0
250056504003,75.0
250056504004,180.0
250056505001,296.0
250056505002,337.0
250056505003,472.0
250056506001,526.0
250056506002,264.0
250056506003,141.0
250056507001,267.0
250056507002,179.0
250056508001,153.0
250056508002,192.0
250056508003,122.0
250056508004,185.0
250056509001,117.0
250056509002,292.0
250056509003,257.0
250056510011,326.0
250056510012,863.0
250056510021,717.0
250056510022,323.0
250056511001,370.0
250056511002,331.0
250056511003,567.0
250056511004,296.0
250056512001,39.0
250056512002,208.0
250056513001,330.0
250056513002,219.0
250056514001,326.0
250056514002,154.0
250056514003,98.0
250056514004,202.0
250056515001,258.0
250056515002,144.0
250056515003,615.0
250056516001,57.0
250056516002,133.0
250056516003,272.0
250056516004,275.0
250056517001,402.0
250056517002,186.0
250056518001,771.0
250056518002,321.0
250056519001,304.0
250056519002,247.0
250056520001,328.0
250056520002,298.0
250056520003,144.0
250056521001,348.0
250056521002,263.0
250056521003,392.0
250056522001,496.0
250056522002,211.0
250056522003,230.0
250056523001,192.0
250056523002,164.0
250056523003,252.0
250056524001,209.0
250056524002,384.0
250056525001,231.0
250056525002,240.0
250056526001,122.0
250056526002,381.0
250056527001,128.0
250056527002,397.0
250056527003,319.0
250056527004,53.0
250056528001,612.0
250056528002,297.0
250056528003,392.0
250056531011,260.0
250056531012,618.0
250056531013,1119.0
250056531014,618.0
250056531021,858.0
250056531022,231.0
250056531023,499.0
250056532031,576.0
250056532032,662.0
250056532033,308.0
250056532034,268.0
250056532041,349.0
250056532042,665.0
250056533011,650.0
250056533012,964.0
250056533013,308.0
250056533014,639.0
250056533041,529.0
250056533042,1179.0
250056541001,655.0
250056541002,1225.0
250056541003,834.0
250056542001,459.0
250056542002,479.0
250056542003,574.0
250056551001,704.0
250056551002,603.0
250056552001,439.0
250056552002,504.0
250056552003,217.0
250056552004,675.0
250056552005,212.0
250056553001,656.0
250056553002,224.0
250056553003,459.0
250056554001,652.0
250056554002,754.0
250056554003,191.0
250056554004,509.0
250059855001,610.0
250059855002,0.0
250059856001,562.0
250059856002,460.0
250059856003,93.0
250059900000,0.0
250072001001,523.0
250072001002,330.0
250072001003,784.0
250072001004,627.0
250072001005,105.0
250072002001,413.0
250072002002,92.0
250072002003,876.0
250072002004,42.0
250072002005,381.0
250072003001,673.0
250072003002,740.0
250072003003,539.0
250072003004,483.0
250072004001,688.0
250072004002,819.0
250072004003,309.0
250072004004,453.0
250072004005,270.0
250072004006,19.0
250079900000,0.0
250092011001,427.0
250092011002,944.0
250092011003,596.0
250092021011,386.0
250092021012,229.0
250092021013,223.0
250092021031,349.0
250092021041,372.0
250092021042,186.0
250092021043,155.0
250092021044,303.0
250092021045,836.0
250092022001,259.0
250092022002,652.0
250092022003,318.0
250092022004,436.0
250092022005,188.0
250092022006,404.0
250092031001,436.0
250092031002,209.0
250092031003,354.0
250092031004,347.0
250092031005,333.0
250092031006,285.0
250092031007,207.0
250092031008,299.0
250092032001,308.0
250092032002,273.0
250092032003,391.0
250092032004,920.0
250092032005,0.0
250092033011,386.0
250092033012,907.0
250092033013,138.0
250092033014,267.0
250092033021,721.0
250092033022,318.0
250092033023,352.0
250092033024,609.0
250092041011,348.0
250092041012,176.0
250092041013,352.0
250092041014,181.0
250092041021,970.0
250092041022,1045.0
250092042001,336.0
250092042002,194.0
250092042003,454.0
250092042004,223.0
250092042005,121.0
250092043001,766.0
250092043002,410.0
250092043003,222.0
250092044001,306.0
250092044002,201.0
250092044003,485.0
250092044004,156.0
250092045001,269.0
250092045002,555.0
250092045003,220.0
250092046001,359.0
250092046002,491.0
250092046003,342.0
250092046004,387.0
250092046005,117.0
250092047011,495.0
250092047012,396.0
250092047013,795.0
250092047014,906.0
250092047021,221.0
250092047022,248.0
250092047023,163.0
250092047024,908.0
250092051001,698.0
250092051002,105.0
250092051003,357.0
250092051004,578.0
250092051005,128.0
250092052001,266.0
250092052002,353.0
250092052003,141.0
250092052004,364.0
250092052005,394.0
250092053001,595.0
250092053002,391.0
250092053003,217.0
250092053004,185.0
250092054001,401.0
250092054002,759.0
250092054003,469.0
250092055001,657.0
250092055002,675.0
250092056001,275.0
250092056002,224.0
250092056003,547.0
250092056004,153.0
250092057001,121.0
250092057002,258.0
250092057003,360.0
250092057004,189.0
250092057005,329.0
250092058001,179.0
250092058002,40.0
250092058003,353.0
250092059001,445.0
250092059002,266.0
250092059003,302.0
250092060001,331.0
250092060002,152.0
250092061001,565.0
250092061002,320.0
250092062001,223.0
250092062002,500.0
250092062003,235.0
250092063001,364.0
250092063002,147.0
250092063003,75.0
250092063004,148.0
250092064001,450.0
250092064002,452.0
250092064003,228.0
250092064004,342.0
250092065001,248.0
250092065002,151.0
250092065003,220.0
250092066001,251.0
250092066002,406.0
250092066003,537.0
250092066004,369.0
250092067001,123.0
250092067002,562.0
250092067003,159.0
250092067004,385.0
250092068001,217.0
250092068002,897.0
250092069001,797.0
250092069002,227.0
250092069003,570.0
250092069004,311.0
250092070001,713.0
250092070002,187.0
250092071001,349.0
250092071002,180.0
250092071003,248.0
250092072001,240.0
250092072002,432.0
250092081011,331.0
250092081012,497.0
250092081013,345.0
250092081014,454.0
250092081021,234.0
250092081022,549.0
250092081023,153.0
250092081024,348.0
250092082001,412.0
250092082002,187.0
250092082003,1341.0
250092082004,507.0
250092083011,720.0
250092083012,511.0
250092083021,403.0
250092083022,851.0
250092083023,423.0
250092084011,538.0
250092084012,670.0
250092084021,371.0
250092084022,666.0
250092091001,464.0
250092091002,136.0
250092091003,378.0
250092091004,445.0
250092091005,667.0
250092092001,307.0
250092092002,529.0
250092092003,420.0
250092092004,609.0
250092101001,1182.0
250092101002,518.0
250092101003,580.0
250092101004,610.0
250092102001,942.0
250092102002,725.0
250092102003,999.0
250092103011,2054.0
250092103012,1296.0
250092103021,363.0
250092103022,814.0
250092103023,0.0
250092103024,557.0
250092104011,696.0
250092104012,375.0
250092104021,899.0
250092104022,553.0
250092105001,422.0
250092105002,928.0
250092105003,850.0
250092105004,537.0
250092106001,567.0
250092106002,800.0
250092107001,240.0
250092107002,176.0
250092107003,310.0
250092107004,150.0
250092108001,150.0
250092108002,352.0
250092108003,700.0
250092108004,469.0
250092109001,567.0
250092109002,392.0
250092109003,628.0
250092111001,510.0
250092111002,510.0
250092111003,746.0
250092112011,215.0
250092112012,489.0
250092112021,540.0
250092112022,847.0
250092113001,965.0
250092113002,504.0
250092113003,1017.0
250092113004,715.0
250092114011,625.0
250092114012,562.0
250092114013,208.0
250092114021,814.0
250092114022,435.0
250092114023,751.0
250092114024,389.0
250092121011,544.0
250092121012,475.0
250092121013,475.0
250092121021,993.0
250092121022,768.0
250092131001,504.0
250092131002,403.0
250092131003,740.0
250092131004,564.0
250092131005,834.0
250092141001,533.0
250092141002,699.0
250092141003,723.0
250092141004,360.0
250092151011,852.0
250092151012,245.0
250092151013,405.0
250092151014,165.0
250092151021,320.0
250092151022,243.0
250092151023,209.0
250092151024,165.0
250092161001,296.0
250092161002,433.0
250092161003,403.0
250092171011,689.0
250092171012,555.0
250092171021,405.0
250092171022,735.0
250092172011,378.0
250092172012,1105.0
250092172021,329.0
250092172022,464.0
250092172023,344.0
250092172024,392.0
250092173001,160.0
250092173002,279.0
250092173003,276.0
250092173004,283.0
250092173005,227.0
250092174011,114.0
250092174012,611.0
250092174013,272.0
250092174021,161.0
250092174022,382.0
250092174023,578.0
250092175001,384.0
250092175002,581.0
250092175003,265.0
250092175004,291.0
250092175005,867.0
250092176011,993.0
250092176012,916.0
250092176021,373.0
250092176022,829.0
250092176023,374.0
250092181001,506.0
250092181002,427.0
250092181003,441.0
250092181004,1005.0
250092201011,529.0
250092201012,677.0
250092201013,570.0
250092201014,714.0
250092201021,1191.0
250092201022,416.0
250092211001,700.0
250092211002,781.0
250092211003,694.0
250092213001,1001.0
250092213002,647.0
250092213003,922.0
250092214001,498.0
250092214002,469.0
250092214003,132.0
250092215001,577.0
250092215002,735.0
250092216001,196.0
250092216002,224.0
250092216003,202.0
250092217001,560.0
250092217002,821.0
250092218001,597.0
250092218002,458.0
250092219011,537.0
250092219012,515.0
250092219013,504.0
250092219021,617.0
250092219022,427.0
250092219023,637.0
250092221001,500.0
250092221002,274.0
250092221003,453.0
250092231001,768.0
250092231002,823.0
250092231003,340.0
250092232001,373.0
250092232002,430.0
250092232003,315.0
250092233001,819.0
250092233002,898.0
250092233003,332.0
250092501001,507.0
250092501002,557.0
250092502001,345.0
250092502002,171.0
250092502003,592.0
250092503001,208.0
250092503002,140.0
250092504001,444.0
250092504002,304.0
250092504003,298.0
250092505001,270.0
250092505002,109.0
250092505003,371.0
250092506001,372.0
250092506002,350.0
250092506003,103.0
250092506004,343.0
250092507001,358.0
250092507002,301.0
250092507003,250.0
250092508001,116.0
250092508002,396.0
250092508003,321.0
250092508004,304.0
250092508005,523.0
250092509001,285.0
250092509002,358.0
250092510001,477.0
250092511001,1170.0
250092511002,139.0
250092511003,45.0
250092512001,496.0
250092513001,498.0
250092513002,91.0
250092513003,85.0
250092514001,586.0
250092514002,167.0
250092514003,127.0
250092514004,293.0
250092515001,292.0
250092515002,224.0
250092515003,242.0
250092515004,182.0
250092515005,261.0
250092516001,261.0
250092516002,311.0
250092516003,451.0
250092516004,184.0
250092517001,327.0
250092517002,370.0
250092517003,361.0
250092517004,195.0
250092518001,186.0
250092518002,424.0
250092518003,569.0
250092518004,986.0
250092521011,271.0
250092521012,228.0
250092521013,640.0
250092521021,416.0
250092521022,535.0
250092521023,607.0
250092522011,286.0
250092522012,658.0
250092522021,452.0
250092522022,656.0
250092523001,448.0
250092523002,158.0
250092523003,598.0
250092523004,396.0
250092523005,707.0
250092523006,354.0
250092524001,262.0
250092524002,193.0
250092524003,344.0
250092525011,435.0
250092525012,352.0
250092525013,360.0
250092525021,279.0
250092525022,557.0
250092525023,449.0
250092525024,258.0
250092526011,602.0
250092526012,365.0
250092526013,749.0
250092526014,427.0
250092526021,543.0
250092526022,798.0
250092526023,229.0
250092526031,149.0
250092526032,1051.0
250092531001,323.0
250092531002,343.0
250092531003,594.0
250092531004,384.0
250092531005,152.0
250092532011,511.0
250092532012,576.0
250092532013,34.0
250092532021,397.0
250092532022,242.0
250092532023,402.0
250092532024,1082.0
250092532031,332.0
250092532032,458.0
250092532033,782.0
250092532041,343.0
250092532042,366.0
250092532043,445.0
250092532044,851.0
250092532051,1086.0
250092532052,467.0
250092541001,367.0
250092541002,365.0
250092541003,756.0
250092541004,385.0
250092541005,377.0
250092542001,408.0
250092542002,503.0
250092542003,529.0
250092542004,180.0
250092543011,933.0
250092543012,534.0
250092543021,842.0
250092543022,331.0
250092543023,533.0
250092544011,307.0
250092544012,728.0
250092544021,229.0
250092544022,995.0
250092544023,663.0
250092544024,336.0
250092544031,863.0
250092544032,333.0
250092601001,96.0
250092601002,713.0
250092601003,93.0
250092601004,220.0
250092602001,667.0
250092602002,572.0
250092603011,603.0
250092603012,583.0
250092603013,373.0
250092603021,344.0
250092603022,1074.0
250092604011,324.0
250092604012,435.0
250092604013,134.0
250092604014,689.0
250092604021,856.0
250092604022,347.0
250092604023,47.0
250092604024,1240.0
250092605001,601.0
250092605002,516.0
250092605003,415.0
250092606001,123.0
250092606002,365.0
250092606003,223.0
250092607001,579.0
250092607002,703.0
250092608001,393.0
250092608002,896.0
250092609001,259.0
250092609002,370.0
250092609003,461.0
250092609004,725.0
250092610001,201.0
250092610002,619.0
250092610003,475.0
250092611011,531.0
250092611012,376.0
250092611013,817.0
250092611021,567.0
250092611022,500.0
250092621001,195.0
250092621002,1499.0
250092621003,600.0
250092621004,705.0
250092631001,784.0
250092631002,477.0
250092631003,634.0
250092641001,817.0
250092641002,710.0
250092641003,933.0
250092651011,292.0
250092651012,204.0
250092651013,390.0
250092651014,407.0
250092651021,519.0
250092651022,642.0
250092651023,552.0
250092661001,300.0
250092661002,269.0
250092661003,222.0
250092661004,347.0
250092661005,421.0
250092662001,632.0
250092662002,534.0
250092662003,482.0
250092663001,571.0
250092663002,718.0
250092664001,429.0
250092664002,299.0
250092664003,230.0
250092664004,254.0
250092671021,540.0
250092671022,687.0
250092671023,621.0
250092671024,265.0
250092671031,369.0
250092671032,631.0
250092671041,1031.0
250092681001,191.0
250092681002,698.0
250092682001,664.0
250092682002,396.0
250092682003,648.0
250092682004,41.0
250092682005,1139.0
250092683001,811.0
250092683002,393.0
250092683003,686.0
250092683004,225.0
250092684001,598.0
250092684002,476.0
250092684003,1049.0
250092691001,837.0
250092691002,971.0
250092691003,662.0
250092691004,369.0
250092691005,556.0
250092701001,1392.0
250092701002,907.0
250092701003,525.0
250099901000,0.0
250110401001,591.0
250110401002,584.0
250110401003,530.0
250110401004,452.0
250110402001,728.0
250110402002,475.0
250110402003,634.0
250110403001,537.0
250110403002,726.0
250110404001,422.0
250110404002,532.0
250110404003,336.0
250110405011,161.0
250110405012,320.0
250110405013,251.0
250110405014,494.0
250110405021,307.0
250110405022,521.0
250110405023,744.0
250110406001,816.0
250110406002,879.0
250110406003,563.0
250110407011,403.0
250110407012,203.0
250110407013,432.0
250110407014,286.0
250110407021,386.0
250110407022,415.0
250110407023,273.0
250110407024,715.0
250110408001,623.0
250110408002,32.0
250110408003,420.0
250110408004,458.0
250110409001,234.0
250110409002,1111.0
250110409003,494.0
250110409004,437.0
250110410001,429.0
250110410002,341.0
250110410003,364.0
250110411001,303.0
250110411002,405.0
250110411003,486.0
250110411004,380.0
250110412001,489.0
250110412002,259.0
250110412003,292.0
250110413011,443.0
250110413012,222.0
250110413013,327.0
250110413021,509.0
250110413022,365.0
250110414001,174.0
250110414002,565.0
250110415011,625.0
250110415012,437.0
250110415013,908.0
250110415021,453.0
250110415022,502.0
250110415023,367.0
250110415024,369.0
250138001011,367.0
250138001012,234.0
250138001013,433.0
250138001021,340.0
250138001022,105.0
250138001023,409.0
250138002011,412.0
250138002012,161.0
250138002013,216.0
250138002014,391.0
250138002015,724.0
250138002021,415.0
250138003001,529.0
250138003002,280.0
250138003003,161.0
250138003004,118.0
250138004001,464.0
250138004002,9.0
250138004003,242.0
250138004004,148.0
250138004005,290.0
250138005001,120.0
250138005002,352.0
250138005003,449.0
250138006001,87.0
250138006002,139.0
250138006003,72.0
250138007001,409.0
250138007002,451.0
250138008001,411.0
250138008002,120.0
250138009001,507.0
250138009002,587.0
250138009003,122.0
250138011011,547.0
250138011021,190.0
250138011022,66.0
250138012001,150.0
250138012002,329.0
250138012003,74.0
250138013001,403.0
250138013002,135.0
250138013003,703.0
250138013004,197.0
250138014011,245.0
250138014012,362.0
250138014021,186.0
250138014022,619.0
250138015011,714.0
250138015012,244.0
250138015013,474.0
250138015014,201.0
250138015021,385.0
250138015022,117.0
250138015023,364.0
250138015031,208.0
250138015032,688.0
250138015033,329.0
250138016011,618.0
250138016012,147.0
250138016013,372.0
250138016014,329.0
250138016021,671.0
250138016022,135.0
250138016023,473.0
250138016031,495.0
250138016032,718.0
250138016041,914.0
250138016042,431.0
250138016051,611.0
250138016052,354.0
250138016053,336.0
250138017001,282.0
250138017002,200.0
250138017003,47.0
250138017004,92.0
250138017005,87.0
250138017006,444.0
250138018001,129.0
250138018002,145.0
250138018003,147.0
250138018004,55.0
250138018005,161.0
250138019011,181.0
250138019012,496.0
250138019021,453.0
250138019022,312.0
250138019023,237.0
250138020001,170.0
250138020002,352.0
250138020003,79.0
250138021011,472.0
250138021012,283.0
250138021013,155.0
250138021014,256.0
250138021015,369.0
250138021016,330.0
250138022001,246.0
250138022002,438.0
250138022003,166.0
250138023001,47.0
250138023002,551.0
250138023003,388.0
250138023004,39.0
250138023005,69.0
250138024001,488.0
250138024002,117.0
250138024003,474.0
250138024004,295.0
250138025001,307.0
250138025002,271.0
250138025003,229.0
250138025004,304.0
250138025005,493.0
250138025006,388.0
250138026011,88.0
250138026012,201.0
250138026013,401.0
250138026014,259.0
250138026015,317.0
250138026016,290.0
250138026021,582.0
250138101001,1081.0
250138101002,354.0
250138101003,1073.0
250138101004,563.0
250138102001,139.0
250138102002,377.0
250138102003,281.0
250138103001,523.0
250138103002,718.0
250138104031,552.0
250138104032,449.0
250138104033,308.0
250138104041,1321.0
250138104121,1213.0
250138104122,832.0
250138104123,613.0
250138104141,449.0
250138104142,689.0
250138104143,1208.0
250138106011,175.0
250138106012,1096.0
250138106013,567.0
250138106021,1524.0
250138107001,599.0
250138107002,169.0
250138107003,554.0
250138107004,237.0
250138107005,573.0
250138108001,520.0
250138108002,375.0
250138108003,272.0
250138109011,274.0
250138109012,210.0
250138109021,471.0
250138109022,209.0
250138109023,376.0
250138109024,95.0
250138110001,202.0
250138110002,224.0
250138110003,360.0
250138110004,272.0
250138110005,368.0
250138111011,101.0
250138111012,534.0
250138111013,619.0
250138111014,208.0
250138111021,306.0
250138111022,462.0
250138111023,521.0
250138111024,239.0
250138112001,647.0
250138112002,354.0
250138112003,331.0
250138112004,281.0
250138113011,357.0
250138113012,307.0
250138113013,822.0
250138113014,374.0
250138113021,0.0
250138113022,680.0
250138113023,429.0
250138113024,872.0
250138113025,685.0
250138114001,273.0
250138114002,160.0
250138115001,82.0
250138115002,279.0
250138116001,153.0
250138116002,117.0
250138116003,79.0
250138116004,408.0
250138117001,180.0
250138117002,483.0
250138118001,64.0
250138118002,126.0
250138118003,168.0
250138118004,199.0
250138118005,201.0
250138119001,630.0
250138119002,358.0
250138119003,561.0
250138120011,171.0
250138120012,275.0
250138120013,464.0
250138120014,276.0
250138120021,697.0
250138120022,238.0
250138120023,130.0
250138120024,103.0
250138121011,944.0
250138121012,727.0
250138121013,883.0
250138121031,128.0
250138121032,1457.0
250138121041,402.0
250138121042,384.0
250138121043,159.0
250138121044,335.0
250138122011,609.0
250138122012,244.0
250138122013,712.0
250138122021,322.0
250138122022,473.0
250138122023,142.0
250138122024,601.0
250138123001,184.0
250138123002,345.0
250138123003,237.0
250138123004,101.0
250138123005,34.0
250138124011,225.0
250138124012,410.0
250138124013,620.0
250138124014,1126.0
250138124031,275.0
250138124032,242.0
250138124033,306.0
250138124034,379.0
250138124041,556.0
250138124042,825.0
250138125001,390.0
250138125002,239.0
250138125003,365.0
250138125004,248.0
250138125005,961.0
250138126001,620.0
250138126002,416.0
250138126003,776.0
250138126004,650.0
250138127011,581.0
250138127012,362.0
250138127013,461.0
250138127021,356.0
250138127022,333.0
250138127023,354.0
250138127024,265.0
250138128001,117.0
250138128002,481.0
250138128003,1090.0
250138128004,790.0
250138129011,613.0
250138129012,309.0
250138129013,354.0
250138129021,150.0
250138129022,841.0
250138129023,739.0
250138129031,48.0
250138130011,453.0
250138130012,788.0
250138130021,348.0
250138130022,481.0
250138130023,725.0
250138131011,579.0
250138131012,457.0
250138131013,875.0
250138131021,684.0
250138131022,702.0
250138132041,288.0
250138132042,956.0
250138132051,969.0
250138132052,615.0
250138132053,821.0
250138132054,1029.0
250138132061,557.0
250138132062,299.0
250138132063,394.0
250138132071,1002.0
250138132072,290.0
250138132073,635.0
250138132081,427.0
250138132082,686.0
250138132091,503.0
250138132092,660.0
250138132093,1151.0
250138133011,629.0
250138133012,622.0
250138133013,343.0
250138133014,578.0
250138133031,793.0
250138133032,1134.0
250138133041,668.0
250138133042,595.0
250138133043,437.0
250138134011,261.0
250138134012,336.0
250138134013,734.0
250138134014,225.0
250138134031,963.0
250138134032,537.0
250138134041,772.0
250138134042,822.0
250138134043,1304.0
250138135001,480.0
250138135002,549.0
250138135003,673.0
250138135004,542.0
250138136011,469.0
250138136012,1233.0
250138136013,731.0
250138136014,218.0
250138136015,610.0
250138136021,336.0
250138136022,1177.0
250138136023,549.0
250138137011,587.0
250138137012,650.0
250138137021,509.0
250138137022,634.0
250138137023,623.0
250138138011,679.0
250138138012,597.0
250138138013,588.0
250138138021,789.0
250138138022,669.0
250158201011,1075.0
250158201012,777.0
250158201013,365.0
250158201014,393.0
250158201021,220.0
250158201022,314.0
250158201023,425.0
250158202051,825.0
250158202052,1261.0
250158202053,481.0
250158202061,421.0
250158202062,259.0
250158202063,894.0
250158202071,752.0
250158202072,714.0
250158202073,437.0
250158203001,488.0
250158203002,201.0
250158203003,25.0
250158203004,233.0
250158203005,305.0
250158204001,47.0
250158205001,90.0
250158205002,305.0
250158205003,199.0
250158205004,92.0
250158205005,485.0
250158205006,12.0
250158205007,558.0
250158206001,0.0
250158207001,348.0
250158207002,331.0
250158207003,490.0
250158208011,523.0
250158208012,977.0
250158208013,179.0
250158208014,272.0
250158208021,0.0
250158209001,865.0
250158209002,599.0
250158209003,874.0
250158210001,221.0
250158210002,390.0
250158210003,426.0
250158210004,1112.0
250158211011,1002.0
250158211012,297.0
250158211013,1041.0
250158211014,627.0
250158212001,21.0
250158213001,905.0
250158213002,501.0
250158213003,418.0
250158214001,259.0
250158214002,303.0
250158214003,471.0
250158214004,953.0
250158215001,391.0
250158215002,447.0
250158215003,497.0
250158216011,851.0
250158216012,586.0
250158216021,247.0
250158216022,496.0
250158216023,809.0
250158217001,778.0
250158217002,285.0
250158217003,124.0
250158217004,710.0
250158219011,749.0
250158219012,249.0
250158219031,453.0
250158219032,34.0
250158219033,488.0
250158219041,434.0
250158219042,131.0
250158219043,332.0
250158220001,39.0
250158222001,364.0
250158222002,871.0
250158222003,1004.0
250158223001,832.0
250158223002,300.0
250158223003,120.0
250158223004,474.0
250158224011,1081.0
250158224012,750.0
250158224013,592.0
250158224014,511.0
250158224021,200.0
250158224022,410.0
250158224023,350.0
250158224024,410.0
250158224025,280.0
250158225001,221.0
250158225002,417.0
250158225003,560.0
250158225004,913.0
250158226011,558.0
250158226012,237.0
250158226031,686.0
250158226071,492.0
250158226072,414.0
250158226073,618.0
250158226074,406.0
250158227001,298.0
250158227002,454.0
250158227003,811.0
250173001001,730.0
250173001002,646.0
250173011011,654.0
250173011012,397.0
250173011013,219.0
250173011021,324.0
250173011022,804.0
250173011023,639.0
250173101011,443.0
250173101012,277.0
250173101013,197.0
250173101021,538.0
250173101022,357.0
250173102001,208.0
250173102002,193.0
250173102003,406.0
250173102004,311.0
250173102005,199.0
250173103001,535.0
250173103002,276.0
250173103003,352.0
250173103004,224.0
250173103005,252.0
250173104001,391.0
250173104002,212.0
250173104003,90.0
250173105001,134.0
250173105002,211.0
250173105003,152.0
250173106011,932.0
250173106012,912.0
250173106013,126.0
250173106021,750.0
250173106022,629.0
250173106023,24.0
250173106024,615.0
250173107001,643.0
250173107002,263.0
250173107003,455.0
250173111001,250.0
250173111002,291.0
250173112001,399.0
250173112002,517.0
250173113001,232.0
250173113002,566.0
250173113003,431.0
250173114001,352.0
250173114002,195.0
250173114003,401.0
250173114004,340.0
250173115001,148.0
250173115002,406.0
250173115003,213.0
250173116001,303.0
250173116002,517.0
250173116003,374.0
250173116004,85.0
250173116005,331.0
250173117001,244.0
250173117002,273.0
250173117003,413.0
250173117004,496.0
250173118001,469.0
250173118002,411.0
250173119001,434.0
250173119002,430.0
250173120001,454.0
250173120002,449.0
250173121001,263.0
250173121002,246.0
250173121003,173.0
250173122001,777.0
250173122002,209.0
250173122003,246.0
250173122004,277.0
250173123001,371.0
250173123002,318.0
250173123003,598.0
250173124001,304.0
250173124002,370.0
250173125011,919.0
250173125012,246.0
250173125013,556.0
250173125021,792.0
250173125022,237.0
250173125023,472.0
250173131011,800.0
250173131012,770.0
250173131013,469.0
250173131021,228.0
250173131022,202.0
250173131023,861.0
250173131024,414.0
250173141011,384.0
250173141012,748.0
250173141013,1108.0
250173141021,298.0
250173141022,485.0
250173141023,554.0
250173141024,425.0
250173141025,631.0
250173142001,295.0
250173142002,429.0
250173142003,822.0
250173143011,963.0
250173143012,142.0
250173143013,830.0
250173143014,461.0
250173143015,673.0
250173143021,513.0
250173143022,618.0
250173151001,878.0
250173151002,1268.0
250173152001,816.0
250173152002,954.0
250173152003,549.0
250173152004,618.0
250173154011,1055.0
250173154012,692.0
250173154021,733.0
250173154022,745.0
250173154031,305.0
250173154032,335.0
250173155001,576.0
250173155002,552.0
250173155003,146.0
250173155004,377.0
250173155005,1117.0
250173161011,664.0
250173161012,549.0
250173161013,695.0
250173161021,737.0
250173161022,730.0
250173161023,353.0
250173161024,362.0
250173162011,538.0
250173162012,688.0
250173162013,484.0
250173162021,227.0
250173162022,471.0
250173162023,305.0
250173163001,790.0
250173163002,544.0
250173163003,435.0
250173163004,740.0
250173163005,626.0
250173164001,293.0
250173164002,425.0
250173164003,287.0
250173164004,506.0
250173164005,692.0
250173164006,44.0
250173165001,555.0
250173165002,269.0
250173165003,794.0
250173165004,418.0
250173165005,371.0
250173171011,414.0
250173171012,739.0
250173171013,628.0
250173171014,565.0
250173171021,413.0
250173171022,229.0
250173171023,715.0
250173171031,845.0
250173171032,701.0
250173171033,332.0
250173172011,516.0
250173172012,546.0
250173172021,379.0
250173172022,664.0
250173172031,156.0
250173172032,683.0
250173172033,281.0
250173173011,787.0
250173173012,346.0
250173173021,504.0
250173173022,341.0
250173173023,217.0
250173173024,727.0
250173181001,739.0
250173181002,508.0
250173181003,403.0
250173181004,711.0
250173182001,896.0
250173182002,443.0
250173183001,312.0
250173183002,1060.0
250173183003,500.0
250173183004,894.0
250173184001,925.0
250173184002,594.0
250173201021,198.0
250173201022,339.0
250173201023,609.0
250173201024,367.0
250173201051,696.0
250173201061,378.0
250173201062,283.0
250173201063,724.0
250173201064,371.0
250173201071,527.0
250173201072,372.0
250173211001,632.0
250173211002,886.0
250173211003,393.0
250173211004,607.0
250173212001,498.0
250173212002,545.0
250173212003,659.0
250173212004,257.0
250173213011,126.0
250173213012,606.0
250173213013,413.0
250173213021,336.0
250173213022,565.0
250173214001,902.0
250173214002,350.0
250173215001,216.0
250173215002,590.0
250173215003,578.0
250173215004,615.0
250173216001,419.0
250173216002,323.0
250173216003,478.0
250173216004,312.0
250173216005,507.0
250173221001,444.0
250173221002,298.0
250173221003,198.0
250173221004,442.0
250173222001,725.0
250173222002,827.0
250173223001,541.0
250173223002,843.0
250173223003,412.0
250173223004,596.0
250173224001,598.0
250173224002,593.0
250173224003,381.0
250173231011,579.0
250173231012,996.0
250173231021,270.0
250173231022,199.0
250173231023,811.0
250173241011,963.0
250173241012,360.0
250173241013,565.0
250173241021,343.0
250173241022,827.0
250173241023,332.0
250173251011,346.0
250173251012,823.0
250173251021,248.0
250173251022,436.0
250173251023,463.0
250173251024,321.0
250173251025,280.0
250173261011,332.0
250173261012,291.0
250173261013,823.0
250173261021,920.0
250173261022,327.0
250173261023,279.0
250173261024,595.0
250173271011,721.0
250173271012,619.0
250173271021,383.0
250173271022,454.0
250173271023,389.0
250173271031,758.0
250173271032,342.0
250173271033,468.0
250173281001,697.0
250173281002,401.0
250173301011,476.0
250173301012,681.0
250173301021,830.0
250173301022,522.0
250173301023,426.0
250173302011,855.0
250173302021,600.0
250173302022,347.0
250173302023,316.0
250173311011,344.0
250173311012,803.0
250173311021,831.0
250173311022,583.0
250173311023,1157.0
250173311024,275.0
250173312001,704.0
250173312002,412.0
250173312003,357.0
250173313001,736.0
250173313002,838.0
250173313003,684.0
250173321001,379.0
250173321002,860.0
250173321003,476.0
250173321004,440.0
250173322011,1051.0
250173322021,1223.0
250173322022,288.0
250173322023,398.0
250173322024,614.0
250173323001,300.0
250173323002,530.0
250173323003,471.0
250173323004,746.0
250173324011,0.0
250173324012,1135.0
250173324021,583.0
250173324022,262.0
250173331001,336.0
250173331002,1036.0
250173331003,662.0
250173331004,416.0
250173331005,328.0
250173332001,555.0
250173332002,176.0
250173332003,258.0
250173332004,632.0
250173333001,321.0
250173333002,241.0
250173333003,416.0
250173334001,744.0
250173334002,302.0
250173334003,324.0
250173334004,338.0
250173334005,341.0
250173335011,76.0
250173335012,1018.0
250173335013,572.0
250173335021,432.0
250173335022,445.0
250173336011,463.0
250173336021,336.0
250173336022,619.0
250173336023,470.0
250173336024,618.0
250173341001,360.0
250173341002,691.0
250173341003,407.0
250173341004,305.0
250173341005,516.0
250173342001,273.0
250173342002,353.0
250173342003,423.0
250173342004,244.0
250173343001,569.0
250173343002,310.0
250173343003,746.0
250173343004,1156.0
250173344001,341.0
250173344002,783.0
250173344003,570.0
250173344004,931.0
250173351001,311.0
250173351002,146.0
250173351003,243.0
250173351004,358.0
250173351005,356.0
250173351006,325.0
250173351007,277.0
250173352001,333.0
250173352002,246.0
250173352003,513.0
250173352004,603.0
250173352005,412.0
250173353011,705.0
250173353012,491.0
250173353013,192.0
250173353021,221.0
250173353022,259.0
250173353023,246.0
250173353024,1195.0
250173354001,575.0
250173354002,466.0
250173354003,783.0
250173361001,419.0
250173361002,663.0
250173361003,175.0
250173361004,262.0
250173361005,540.0
250173362011,423.0
250173362012,291.0
250173362013,507.0
250173362021,266.0
250173362022,391.0
250173362023,387.0
250173362024,143.0
250173363001,275.0
250173363002,396.0
250173363003,301.0
250173363004,371.0
250173363005,263.0
250173363006,375.0
250173364021,360.0
250173364022,503.0
250173364023,456.0
250173364024,222.0
250173364031,161.0
250173364032,782.0
250173364041,381.0
250173364042,517.0
250173371011,757.0
250173371012,516.0
250173371021,548.0
250173371022,914.0
250173371023,323.0
250173372011,825.0
250173372012,144.0
250173372013,91.0
250173372021,509.0
250173372022,312.0
250173372023,397.0
250173372024,507.0
250173373001,356.0
250173373002,211.0
250173373003,343.0
250173373004,935.0
250173373005,171.0
250173381001,559.0
250173381002,478.0
250173382001,283.0
250173382002,214.0
250173382003,604.0
250173383001,194.0
250173383002,533.0
250173383003,556.0
250173384001,647.0
250173384002,462.0
250173384003,511.0
250173384004,424.0
250173385001,455.0
250173385002,533.0
250173385003,355.0
250173385004,386.0
250173391011,611.0
250173391012,316.0
250173391013,413.0
250173391021,169.0
250173391022,444.0
250173391023,756.0
250173392001,239.0
250173392002,201.0
250173392003,109.0
250173392004,331.0
250173392005,514.0
250173392006,283.0
250173393001,248.0
250173393002,226.0
250173393003,390.0
250173394001,336.0
250173394002,80.0
250173394003,489.0
250173394004,171.0
250173395001,384.0
250173395002,474.0
250173395003,134.0
250173395004,143.0
250173396001,73.0
250173396002,96.0
250173396003,284.0
250173396004,223.0
250173396005,324.0
250173396006,96.0
250173397001,69.0
250173397002,419.0
250173397003,188.0
250173397004,269.0
250173398021,393.0
250173398022,123.0
250173398023,92.0
250173398024,352.0
250173398031,255.0
250173398032,240.0
250173398041,93.0
250173398042,117.0
250173398043,465.0
250173399001,314.0
250173399002,121.0
250173399003,243.0
250173399004,347.0
250173399005,318.0
250173400001,178.0
250173400002,250.0
250173400003,148.0
250173401001,164.0
250173401002,719.0
250173401003,641.0
250173401004,239.0
250173401005,125.0
250173401006,225.0
250173411011,778.0
250173411012,183.0
250173411013,366.0
250173411021,105.0
250173411022,804.0
250173411023,247.0
250173412001,497.0
250173412002,221.0
250173412003,150.0
250173412004,602.0
250173412005,141.0
250173413011,57.0
250173413012,487.0
250173413013,68.0
250173413014,102.0
250173413021,704.0
250173413022,294.0
250173414001,284.0
250173414002,125.0
250173414003,272.0
250173414004,322.0
250173414005,447.0
250173415001,179.0
250173415002,144.0
250173415003,225.0
250173415004,238.0
250173415005,338.0
250173416001,466.0
250173416002,237.0
250173416003,401.0
250173416004,208.0
250173416005,113.0
250173416006,597.0
250173417001,158.0
250173417002,234.0
250173417003,273.0
250173417004,125.0
250173417005,388.0
250173418001,76.0
250173418002,358.0
250173418003,152.0
250173418004,254.0
250173418005,288.0
250173418006,346.0
250173419011,260.0
250173419012,107.0
250173419031,325.0
250173419032,586.0
250173419033,285.0
250173419041,211.0
250173419042,680.0
250173419043,131.0
250173421011,201.0
250173421012,386.0
250173421013,306.0
250173421014,181.0
250173421021,438.0
250173421022,339.0
250173421023,306.0
250173421024,291.0
250173422011,303.0
250173422012,182.0
250173422013,220.0
250173422014,295.0
250173422021,500.0
250173422022,352.0
250173422023,495.0
250173423011,426.0
250173423012,382.0
250173423021,416.0
250173423022,104.0
250173423023,259.0
250173424011,708.0
250173424012,499.0
250173424013,100.0
250173424021,90.0
250173424022,411.0
250173424023,118.0
250173424024,0.0
250173425011,503.0
250173425012,535.0
250173425021,564.0
250173425022,137.0
250173426001,259.0
250173426002,456.0
250173426003,515.0
250173501051,411.0
250173501061,182.0
250173501071,144.0
250173501081,453.0
250173501082,247.0
250173501091,701.0
250173502011,274.0
250173502012,208.0
250173502013,166.0
250173502021,299.0
250173502022,306.0
250173502023,211.0
250173503001,170.0
250173503002,175.0
250173503003,142.0
250173504001,91.0
250173504002,82.0
250173504003,59.0
250173504004,313.0
250173504005,185.0
250173505001,132.0
250173505002,171.0
250173506001,0.0
250173506002,121.0
250173506003,80.0
250173506004,151.0
250173507011,215.0
250173507012,61.0
250173507013,182.0
250173507021,442.0
250173507022,374.0
250173507023,237.0
250173508001,180.0
250173508002,173.0
250173509001,112.0
250173509002,211.0
250173509003,242.0
250173510011,99.0
250173510012,61.0
250173510013,397.0
250173510021,145.0
250173510022,53.0
250173510023,101.0
250173511011,162.0
250173511012,377.0
250173511013,316.0
250173511021,49.0
250173511022,380.0
250173512031,205.0
250173512032,164.0
250173512033,132.0
250173512034,12.0
250173512041,201.0
250173512042,181.0
250173512043,169.0
250173513001,209.0
250173513002,513.0
250173513003,151.0
250173514031,40.0
250173514032,302.0
250173514033,272.0
250173514034,248.0
250173514035,178.0
250173514041,248.0
250173514042,312.0
250173514043,155.0
250173514044,70.0
250173515001,123.0
250173515002,160.0
250173515003,205.0
250173515004,167.0
250173521011,59.0
250173521012,47.0
250173521013,86.0
250173521021,437.0
250173521022,300.0
250173522001,446.0
250173523001,243.0
250173523002,145.0
250173523003,203.0
250173524001,277.0
250173525001,365.0
250173525002,387.0
250173526001,170.0
250173526002,214.0
250173527001,125.0
250173527002,170.0
250173528001,471.0
250173529001,475.0
250173529002,392.0
250173530001,537.0
250173530002,151.0
250173531011,116.0
250173531012,502.0
250173531021,39.0
250173531022,0.0
250173531023,4.0
250173532001,490.0
250173532002,144.0
250173532003,191.0
250173532004,161.0
250173533001,235.0
250173533002,339.0
250173533003,444.0
250173536001,607.0
250173536002,0.0
250173536003,191.0
250173537001,350.0
250173537002,245.0
250173537003,6.0
250173537004,113.0
250173537005,39.0
250173538001,325.0
250173538002,393.0
250173538003,164.0
250173538004,191.0
250173539001,93.0
250173539002,104.0
250173539003,12.0
250173540001,353.0
250173540002,308.0
250173540003,128.0
250173541001,225.0
250173541002,584.0
250173542001,399.0
250173542002,448.0
250173542003,536.0
250173543001,236.0
250173543002,226.0
250173543003,571.0
250173544001,248.0
250173544002,337.0
250173545001,373.0
250173545002,229.0
250173546011,0.0
250173546012,381.0
250173546021,264.0
250173546022,225.0
250173546023,506.0
250173547001,249.0
250173547002,578.0
250173548001,200.0
250173548002,256.0
250173549011,20.0
250173549012,161.0
250173549013,2.0
250173549021,314.0
250173549022,430.0
250173549023,533.0
250173549024,139.0
250173550001,235.0
250173550002,307.0
250173550003,169.0
250173561001,273.0
250173561002,225.0
250173561003,175.0
250173563001,258.0
250173563002,249.0
250173563003,95.0
250173563004,170.0
250173563005,255.0
250173563006,177.0
250173564001,180.0
250173564002,669.0
250173564003,235.0
250173564004,192.0
250173564005,178.0
250173564006,318.0
250173564007,135.0
250173564008,281.0
250173565001,388.0
250173565002,172.0
250173565003,745.0
250173565004,287.0
250173565005,351.0
250173565006,284.0
250173566011,347.0
250173566012,117.0
250173566013,375.0
250173566014,331.0
250173566015,303.0
250173566021,571.0
250173566022,280.0
250173566023,406.0
250173566024,254.0
250173567011,300.0
250173567012,158.0
250173567013,490.0
250173567014,112.0
250173567015,272.0
250173567016,429.0
250173567031,880.0
250173567032,277.0
250173567033,266.0
250173567041,405.0
250173567042,341.0
250173567043,255.0
250173567044,133.0
250173571001,227.0
250173571002,844.0
250173571003,399.0
250173571004,459.0
250173572001,503.0
250173572002,594.0
250173573001,312.0
250173573002,309.0
250173573003,312.0
250173574001,299.0
250173574002,244.0
250173574003,242.0
250173575001,349.0
250173575002,122.0
250173575003,208.0
250173576001,371.0
250173576002,409.0
250173577001,449.0
250173577002,287.0
250173577003,411.0
250173577004,256.0
250173578001,291.0
250173578002,282.0
250173578003,398.0
250173578004,127.0
250173581001,388.0
250173581002,344.0
250173581003,588.0
250173581004,353.0
250173583001,855.0
250173583002,657.0
250173583003,305.0
250173583004,459.0
250173584001,487.0
250173584002,720.0
250173584003,698.0
250173584004,322.0
250173585001,952.0
250173585002,229.0
250173585003,613.0
250173586001,434.0
250173586002,250.0
250173586003,287.0
250173586004,252.0
250173586005,620.0
250173586006,285.0
250173587001,914.0
250173587002,394.0
250173587003,521.0
250173591001,145.0
250173591002,362.0
250173591003,1204.0
250173591004,233.0
250173591005,463.0
250173593011,0.0
250173593021,0.0
250173593031,237.0
250173593032,182.0
250173593033,1024.0
250173593034,890.0
250173593035,191.0
250173593036,0.0
250173594001,233.0
250173594002,274.0
250173594003,349.0
250173594004,325.0
250173594005,163.0
250173603001,361.0
250173603002,365.0
250173603003,440.0
250173603004,1107.0
250173603005,141.0
250173611001,344.0
250173611002,499.0
250173611003,483.0
250173611004,718.0
250173611005,382.0
250173612001,501.0
250173612002,244.0
250173612003,124.0
250173612004,909.0
250173612005,266.0
250173613001,716.0
250173613002,553.0
250173613003,376.0
250173613004,512.0
250173613005,485.0
250173621001,822.0
250173621002,1023.0
250173631031,826.0
250173631032,392.0
250173631041,981.0
250173631042,281.0
250173631043,658.0
250173631044,226.0
250173631051,527.0
250173631052,549.0
250173631061,433.0
250173631062,512.0
250173632011,466.0
250173632012,483.0
250173632013,285.0
250173632021,277.0
250173632022,518.0
250173632023,524.0
250173641011,529.0
250173641012,662.0
250173641013,1104.0
250173641021,280.0
250173641022,510.0
250173641023,309.0
250173641024,517.0
250173651001,583.0
250173651002,668.0
250173651003,809.0
250173651004,453.0
250173652011,736.0
250173652012,287.0
250173652013,215.0
250173652014,360.0
250173652021,902.0
250173652022,357.0
250173652023,354.0
250173661001,209.0
250173661002,350.0
250173661003,283.0
250173661004,373.0
250173661005,422.0
250173662011,849.0
250173662012,286.0
250173662021,1127.0
250173662022,747.0
250173662023,280.0
250173671001,528.0
250173671002,555.0
250173671003,515.0
250173671004,319.0
250173672001,609.0
250173672002,273.0
250173672003,529.0
250173672004,424.0
250173672005,0.0
250173672006,193.0
250173681011,453.0
250173681012,554.0
250173681013,253.0
250173681014,440.0
250173681021,905.0
250173681022,870.0
250173682001,568.0
250173682002,792.0
250173682003,138.0
250173683001,267.0
250173683002,356.0
250173683003,198.0
250173683004,299.0
250173683005,183.0
250173684001,133.0
250173684002,238.0
250173684003,713.0
250173684004,132.0
250173684005,5.0
250173684006,394.0
250173685001,375.0
250173685002,292.0
250173685003,191.0
250173686001,132.0
250173686002,98.0
250173686003,229.0
250173686004,484.0
250173686005,71.0
250173687001,175.0
250173687002,394.0
250173688001,330.0
250173688002,316.0
250173688003,399.0
250173688004,316.0
250173688005,295.0
250173689011,466.0
250173689012,294.0
250173689013,335.0
250173689014,466.0
250173689015,483.0
250173689016,543.0
250173689021,312.0
250173689022,206.0
250173689023,166.0
250173690001,147.0
250173691001,323.0
250173691002,555.0
250173691003,405.0
250173691004,378.0
250173701011,652.0
250173701012,127.0
250173701013,421.0
250173701014,350.0
250173701015,613.0
250173701031,633.0
250173701032,321.0
250173701033,172.0
250173701041,605.0
250173701042,426.0
250173702011,596.0
250173702012,457.0
250173702013,583.0
250173702021,283.0
250173702022,278.0
250173702023,347.0
250173702024,536.0
250173703011,53.0
250173703012,227.0
250173703013,422.0
250173703014,279.0
250173703015,344.0
250173703021,143.0
250173703022,362.0
250173704011,640.0
250173704012,584.0
250173704021,132.0
250173704022,241.0
250173704031,126.0
250173704032,355.0
250173731001,156.0
250173731002,335.0
250173731003,222.0
250173731004,343.0
250173731005,187.0
250173732001,579.0
250173732002,349.0
250173732003,278.0
250173732004,505.0
250173733001,233.0
250173733002,462.0
250173733003,269.0
250173734001,928.0
250173734002,234.0
250173735001,445.0
250173735002,629.0
250173735003,812.0
250173736001,317.0
250173736002,23.0
250173736003,648.0
250173737001,265.0
250173737002,581.0
250173737003,451.0
250173737004,235.0
250173738001,577.0
250173738002,744.0
250173738003,670.0
250173738004,212.0
250173739011,660.0
250173739012,622.0
250173739021,352.0
250173739022,688.0
250173739023,498.0
250173740001,402.0
250173740002,835.0
250173740003,398.0
250173741001,689.0
250173741002,466.0
250173741003,303.0
250173742001,321.0
250173742002,524.0
250173742003,545.0
250173743001,406.0
250173743002,736.0
250173743003,326.0
250173744001,275.0
250173744002,298.0
250173744003,280.0
250173744004,840.0
250173744005,442.0
250173745001,256.0
250173745002,490.0
250173745003,266.0
250173745004,258.0
250173745005,215.0
250173746001,410.0
250173746002,368.0
250173746003,206.0
250173746004,286.0
250173747001,680.0
250173747002,225.0
250173747003,449.0
250173748001,252.0
250173748002,882.0
250173748003,324.0
250173821001,471.0
250173821002,138.0
250173821003,398.0
250173821004,313.0
250173821005,385.0
250173822001,731.0
250173822002,596.0
250173822003,398.0
250173822004,340.0
250173823001,295.0
250173823002,810.0
250173823003,422.0
250173823004,702.0
250173824001,429.0
250173824002,336.0
250173824003,869.0
250173824004,263.0
250173825001,366.0
250173825002,470.0
250173825003,468.0
250173825004,261.0
250173826011,425.0
250173826012,101.0
250173826013,179.0
250173826014,246.0
250173826021,313.0
250173826022,771.0
250173826023,338.0
250173826024,554.0
250173831011,501.0
250173831012,237.0
250173831021,251.0
250173831022,384.0
250173832001,376.0
250173832002,285.0
250173832003,231.0
250173832004,467.0
250173833001,363.0
250173833002,631.0
250173834011,308.0
250173834012,316.0
250173834021,282.0
250173834022,356.0
250173835011,189.0
250173835012,696.0
250173835013,272.0
250173835021,328.0
250173835022,461.0
250173835023,251.0
250173836001,749.0
250173836002,27.0
250173836003,1017.0
250173836004,613.0
250173837001,269.0
250173837002,56.0
250173837003,763.0
250173837004,421.0
250173838001,367.0
250173838002,514.0
250173838003,302.0
250173838004,446.0
250173838005,301.0
250173839021,811.0
250173839022,566.0
250173839023,814.0
250173839031,365.0
250173839032,487.0
250173839041,405.0
250173839042,255.0
250173839043,392.0
250173839044,1123.0
250173840031,0.0
250173840032,532.0
250173840033,547.0
250173840034,542.0
250173840041,428.0
250173851011,817.0
250173851021,326.0
250173851022,433.0
250173851023,671.0
250173852011,1286.0
250173852031,523.0
250173852032,782.0
250173852033,581.0
250173852041,906.0
250173861001,297.0
250173861002,641.0
250173861003,480.0
250173871001,472.0
250173871002,488.0
250173871003,226.0
250173871004,225.0
250173872011,398.0
250173872012,360.0
250173872013,378.0
250173872014,970.0
250173872015,299.0
250173872021,387.0
250173872022,417.0
250173872023,620.0
250173881001,1058.0
250173881002,752.0
250173881003,113.0
250173882001,667.0
250173882002,814.0
250173882003,494.0
250173882004,464.0
250173883001,414.0
250173883002,457.0
250173883003,155.0
250179800001,0.0
250199501001,519.0
250199501002,278.0
250199502011,299.0
250199502012,567.0
250199502021,339.0
250199502022,601.0
250199503071,328.0
250199504001,286.0
250199504002,418.0
250199505001,344.0
250199505002,279.0
250199900000,0.0
250214001001,266.0
250214001002,371.0
250214001003,92.0
250214001004,362.0
250214001005,660.0
250214002011,868.0
250214002021,157.0
250214002022,405.0
250214003001,296.0
250214003002,519.0
250214003003,288.0
250214004011,639.0
250214004012,793.0
250214004021,298.0
250214004022,137.0
250214005001,381.0
250214005002,294.0
250214005003,204.0
250214005004,300.0
250214006001,473.0
250214006002,238.0
250214006003,564.0
250214006004,525.0
250214007001,349.0
250214007002,388.0
250214007003,245.0
250214008001,224.0
250214008002,186.0
250214008003,682.0
250214008004,438.0
250214009001,357.0
250214009002,331.0
250214009003,237.0
250214010001,196.0
250214010002,284.0
250214010003,300.0
250214011001,536.0
250214011002,404.0
250214011003,257.0
250214012011,243.0
250214012012,379.0
250214012013,283.0
250214012014,460.0
250214012021,661.0
250214021011,315.0
250214021012,535.0
250214021013,808.0
250214021021,250.0
250214021022,125.0
250214021023,709.0
250214022001,398.0
250214022002,371.0
250214023001,246.0
250214023002,413.0
250214023003,944.0
250214024001,390.0
250214024002,108.0
250214024003,232.0
250214024004,434.0
250214024005,774.0
250214025001,734.0
250214025002,462.0
250214025003,801.0
250214031001,217.0
250214031002,397.0
250214031003,102.0
250214031004,582.0
250214031005,172.0
250214031006,258.0
250214031007,329.0
250214031008,0.0
250214033001,396.0
250214033002,545.0
250214033003,634.0
250214034001,966.0
250214034002,582.0
250214034003,281.0
250214034004,513.0
250214034005,170.0
250214035011,916.0
250214035012,120.0
250214035021,800.0
250214035022,772.0
250214041001,677.0
250214041002,296.0
250214041003,256.0
250214042011,288.0
250214042012,229.0
250214042013,475.0
250214042014,328.0
250214042021,543.0
250214042022,441.0
250214042023,0.0
250214042024,267.0
250214043011,389.0
250214043012,210.0
250214043013,348.0
250214043014,280.0
250214043015,425.0
250214043021,713.0
250214043022,221.0
250214043023,461.0
250214044001,462.0
250214044002,555.0
250214044003,259.0
250214044004,0.0
250214044005,518.0
250214051001,798.0
250214051002,480.0
250214051003,337.0
250214051004,436.0
250214061011,1083.0
250214061012,296.0
250214061013,380.0
250214061021,825.0
250214061022,518.0
250214061023,242.0
250214061024,603.0
250214071011,1152.0
250214071012,445.0
250214071013,434.0
250214071021,701.0
250214071022,926.0
250214081021,308.0
250214081022,522.0
250214081023,332.0
250214081024,391.0
250214081031,511.0
250214081032,811.0
250214081041,258.0
250214081042,401.0
250214081043,777.0
250214091011,835.0
250214091012,352.0
250214091013,276.0
250214091014,260.0
250214091021,782.0
250214091022,803.0
250214101001,250.0
250214101002,295.0
250214101003,490.0
250214101004,0.0
250214101005,933.0
250214101006,414.0
250214103001,697.0
250214103002,512.0
250214103003,390.0
250214104001,536.0
250214104002,298.0
250214104003,592.0
250214104004,687.0
250214111011,403.0
250214111012,623.0
250214111021,599.0
250214111022,722.0
250214111023,344.0
250214112001,339.0
250214112002,886.0
250214112003,406.0
250214112004,378.0
250214113011,911.0
250214113012,540.0
250214113013,407.0
250214113021,0.0
250214113022,542.0
250214113023,176.0
250214113024,281.0
250214121001,623.0
250214121002,270.0
250214121003,832.0
250214121004,267.0
250214122001,516.0
250214122002,1138.0
250214123001,707.0
250214123002,261.0
250214123003,362.0
250214123004,513.0
250214131001,0.0
250214131002,404.0
250214131003,474.0
250214131004,334.0
250214131005,0.0
250214131006,547.0
250214131007,486.0
250214132011,403.0
250214132012,798.0
250214132013,523.0
250214132021,633.0
250214133001,1041.0
250214133002,494.0
250214133003,454.0
250214134011,468.0
250214134012,537.0
250214134013,180.0
250214134021,491.0
250214134022,336.0
250214134023,271.0
250214135001,444.0
250214135002,223.0
250214135003,327.0
250214141001,361.0
250214141002,224.0
250214141003,981.0
250214141004,412.0
250214141005,188.0
250214142001,224.0
250214142002,853.0
250214142003,330.0
250214142004,669.0
250214143001,230.0
250214143002,196.0
250214143003,410.0
250214143004,752.0
250214151011,508.0
250214151012,459.0
250214151013,788.0
250214151031,462.0
250214151032,854.0
250214151033,408.0
250214151041,652.0
250214151042,318.0
250214152011,371.0
250214152012,860.0
250214152021,884.0
250214152022,264.0
250214153001,916.0
250214153002,341.0
250214161011,638.0
250214161012,584.0
250214161013,61.0
250214161014,504.0
250214161021,1064.0
250214161022,247.0
250214162001,488.0
250214162002,58.0
250214162003,82.0
250214162004,418.0
250214162005,190.0
250214162006,427.0
250214162007,550.0
250214163001,470.0
250214163002,158.0
250214163003,201.0
250214163004,295.0
250214163005,213.0
250214164001,93.0
250214164002,286.0
250214164003,217.0
250214164004,298.0
250214164005,254.0
250214164006,465.0
250214164007,76.0
250214171001,248.0
250214171002,209.0
250214171003,245.0
250214171004,343.0
250214171005,276.0
250214171006,652.0
250214172011,311.0
250214172012,438.0
250214172013,685.0
250214172014,159.0
250214172021,198.0
250214172022,133.0
250214172023,286.0
250214172024,449.0
250214173001,1419.0
250214174001,352.0
250214174002,523.0
250214174003,176.0
250214175011,241.0
250214175012,605.0
250214175013,284.0
250214175014,378.0
250214175021,386.0
250214175022,252.0
250214175023,235.0
250214175024,540.0
250214176011,200.0
250214176012,447.0
250214176013,344.0
250214176014,599.0
250214176021,414.0
250214176022,530.0
250214176023,556.0
250214177021,258.0
250214177022,226.0
250214177023,184.0
250214177031,307.0
250214177032,195.0
250214177033,482.0
250214177041,685.0
250214177042,307.0
250214178011,513.0
250214178012,569.0
250214178013,690.0
250214178014,232.0
250214178015,399.0
250214178021,478.0
250214178022,477.0
250214179011,769.0
250214179012,772.0
250214179013,345.0
250214179014,352.0
250214179015,782.0
250214179016,93.0
250214179021,509.0
250214179022,404.0
250214179023,321.0
250214180021,188.0
250214180022,113.0
250214180023,339.0
250214180024,712.0
250214180031,257.0
250214180032,228.0
250214180041,318.0
250214180042,312.0
250214180043,669.0
250214181011,813.0
250214181012,132.0
250214181013,412.0
250214181014,167.0
250214181021,262.0
250214181022,268.0
250214181023,195.0
250214182011,530.0
250214182012,545.0
250214182013,850.0
250214191001,321.0
250214191002,0.0
250214191003,287.0
250214191004,442.0
250214191005,474.0
250214192001,666.0
250214192002,311.0
250214192003,499.0
250214192004,246.0
250214193001,451.0
250214193002,273.0
250214193003,199.0
250214193004,250.0
250214194001,381.0
250214194002,444.0
250214194003,487.0
250214195001,372.0
250214195002,762.0
250214196011,418.0
250214196021,415.0
250214196022,553.0
250214196023,999.0
250214197001,553.0
250214197002,954.0
250214198001,437.0
250214198002,368.0
250214198003,560.0
250214201011,249.0
250214201012,1044.0
250214201013,689.0
250214201021,587.0
250214201022,664.0
250214202011,328.0
250214202012,943.0
250214202021,591.0
250214202022,780.0
250214202023,243.0
250214202024,0.0
250214202025,325.0
250214203011,148.0
250214203012,565.0
250214203013,1012.0
250214203014,685.0
250214203021,542.0
250214203022,436.0
250214203023,193.0
250214203024,1126.0
250214203025,356.0
250214211001,801.0
250214211002,240.0
250214211003,380.0
250214211004,428.0
250214212001,419.0
250214212002,513.0
250214212003,242.0
250214212004,212.0
250214212005,321.0
250214221001,577.0
250214221002,430.0
250214221003,711.0
250214221004,174.0
250214222011,427.0
250214222012,474.0
250214222021,417.0
250214222022,458.0
250214222023,610.0
250214222024,526.0
250214222025,579.0
250214223011,243.0
250214223012,775.0
250214223031,306.0
250214223032,525.0
250214223033,974.0
250214223041,506.0
250214223042,570.0
250214224011,147.0
250214224012,434.0
250214224013,652.0
250214224021,531.0
250214224022,458.0
250214224023,460.0
250214225011,335.0
250214225012,492.0
250214225013,281.0
250214225014,311.0
250214225021,294.0
250214225022,622.0
250214225023,1006.0
250214225024,470.0
250214226001,415.0
250214226002,179.0
250214226003,366.0
250214226004,416.0
250214226005,400.0
250214226006,474.0
250214227001,574.0
250214227002,334.0
250214227003,396.0
250214227004,163.0
250214228001,813.0
250214228002,301.0
250214228003,415.0
250214228004,425.0
250214231011,771.0
250214231012,642.0
250214231013,105.0
250214231021,507.0
250214231022,659.0
250214231023,241.0
250214401011,671.0
250214401012,1132.0
250214401013,808.0
250214401021,641.0
250214401022,339.0
250214412021,908.0
250214412031,771.0
250214412032,680.0
250214412041,1369.0
250214412042,916.0
250214421011,348.0
250214421012,724.0
250214421013,222.0
250214421014,255.0
250214421031,629.0
250214421032,564.0
250214421033,129.0
250214421034,912.0
250214421041,636.0
250214421042,566.0
250214421043,436.0
250214421051,702.0
250214422011,497.0
250214422012,615.0
250214422031,511.0
250214422032,803.0
250214422041,408.0
250214422042,478.0
250214422043,307.0
250214431031,308.0
250214431032,307.0
250214431033,489.0
250214431041,715.0
250214431042,653.0
250214431043,208.0
250214431051,577.0
250214431061,728.0
250214431062,930.0
250214431063,288.0
250214561011,714.0
250214561012,901.0
250214561021,477.0
250214561022,920.0
250214561023,256.0
250214562001,487.0
250214562002,820.0
250214563011,269.0
250214563012,485.0
250214563021,1008.0
250214563022,342.0
250214563023,282.0
250214563024,413.0
250214564011,394.0
250214564012,446.0
250214564021,268.0
250214564022,649.0
250214564023,1146.0
250214564024,279.0
250214571001,212.0
250214571002,274.0
250214571003,338.0
250214571004,549.0
250214572001,251.0
250214572002,365.0
250214572003,507.0
250214572004,367.0
250214572005,214.0
250219800001,0.0
250235001011,592.0
250235001012,368.0
250235001013,695.0
250235001031,788.0
250235001032,786.0
250235001041,529.0
250235001042,540.0
250235001043,259.0
250235001044,699.0
250235011011,441.0
250235011012,587.0
250235011013,270.0
250235011021,166.0
250235011022,868.0
250235011023,682.0
250235011024,1471.0
250235012011,463.0
250235012012,888.0
250235012031,279.0
250235012032,361.0
250235012041,1339.0
250235012042,490.0
250235012043,1432.0
250235021011,657.0
250235021012,258.0
250235021013,433.0
250235021014,93.0
250235021021,431.0
250235021022,632.0
250235021023,526.0
250235022001,909.0
250235022002,412.0
250235022003,930.0
250235022004,239.0
250235031011,566.0
250235031012,503.0
250235031013,450.0
250235031014,513.0
250235031021,251.0
250235031022,389.0
250235031023,352.0
250235031024,392.0
250235031025,786.0
250235041011,658.0
250235041012,465.0
250235041013,509.0
250235041021,377.0
250235041022,296.0
250235041023,619.0
250235041024,215.0
250235051021,473.0
250235051022,640.0
250235051023,505.0
250235051024,208.0
250235051031,587.0
250235051032,580.0
250235051041,352.0
250235051042,444.0
250235051043,792.0
250235052011,85.0
250235052012,700.0
250235052021,302.0
250235052022,1001.0
250235052023,1002.0
250235061021,294.0
250235061022,532.0
250235061023,304.0
250235061024,161.0
250235061025,407.0
250235061026,264.0
250235061031,285.0
250235061032,453.0
250235061041,628.0
250235061042,816.0
250235062021,1027.0
250235062031,735.0
250235062032,682.0
250235062033,524.0
250235062051,809.0
250235062052,318.0
250235062061,335.0
250235062062,582.0
250235062063,414.0
250235071011,804.0
250235071012,836.0
250235071013,316.0
250235071031,427.0
250235071032,398.0
250235071033,498.0
250235071034,440.0
250235071041,697.0
250235071042,976.0
250235071043,520.0
250235071044,477.0
250235081011,655.0
250235081012,264.0
250235081013,245.0
250235081014,1310.0
250235081015,442.0
250235081021,536.0
250235081022,492.0
250235081023,630.0
250235082001,713.0
250235082002,1050.0
250235082003,554.0
250235091011,922.0
250235091012,525.0
250235091013,295.0
250235091014,969.0
250235091021,739.0
250235091022,512.0
250235091023,284.0
250235091024,714.0
250235091025,384.0
250235101001,527.0
250235101002,365.0
250235101003,168.0
250235101004,392.0
250235102001,640.0
250235102002,459.0
250235102003,64.0
250235102004,917.0
250235103001,428.0
250235103002,521.0
250235104001,145.0
250235104002,220.0
250235104003,229.0
250235104004,105.0
250235105011,165.0
250235105012,311.0
250235105013,650.0
250235105031,582.0
250235105032,335.0
250235105033,418.0
250235105041,209.0
250235105042,599.0
250235105051,821.0
250235105052,752.0
250235106001,193.0
250235106002,462.0
250235106003,362.0
250235107001,248.0
250235107002,320.0
250235107003,379.0
250235107004,119.0
250235107005,424.0
250235108001,66.0
250235108002,231.0
250235108003,275.0
250235108004,257.0
250235108005,323.0
250235108006,332.0
250235109001,280.0
250235109002,507.0
250235110001,316.0
250235110002,482.0
250235111001,836.0
250235111002,427.0
250235111003,576.0
250235112001,1121.0
250235112002,300.0
250235112003,276.0
250235113011,693.0
250235113012,285.0
250235113013,742.0
250235113021,118.0
250235113022,208.0
250235113023,841.0
250235114001,132.0
250235114002,162.0
250235114003,264.0
250235114004,137.0
250235115001,136.0
250235115002,186.0
250235115003,241.0
250235115004,285.0
250235116011,360.0
250235116012,88.0
250235116013,333.0
250235116021,576.0
250235116022,505.0
250235116023,287.0
250235117011,215.0
250235117012,686.0
250235117013,388.0
250235117014,673.0
250235117021,837.0
250235201001,503.0
250235201002,308.0
250235201003,700.0
250235201004,441.0
250235202011,145.0
250235202012,407.0
250235202013,570.0
250235202021,538.0
250235202022,477.0
250235202023,745.0
250235211011,453.0
250235211012,341.0
250235211013,729.0
250235211021,213.0
250235211022,869.0
250235212011,229.0
250235212012,399.0
250235212021,342.0
250235212022,333.0
250235212023,544.0
250235221011,282.0
250235221012,480.0
250235221013,646.0
250235221021,667.0
250235221022,614.0
250235221023,811.0
250235231001,499.0
250235231002,218.0
250235232011,695.0
250235232012,367.0
250235232031,679.0
250235232032,616.0
250235232041,923.0
250235232042,385.0
250235241011,205.0
250235241012,765.0
250235241021,670.0
250235241022,488.0
250235241023,178.0
250235251011,430.0
250235251012,911.0
250235251013,608.0
250235251041,825.0
250235251042,328.0
250235251043,1042.0
250235251044,212.0
250235252041,340.0
250235252042,617.0
250235261001,401.0
250235261002,257.0
250235261003,690.0
250235261004,664.0
250235261005,406.0
250235301001,607.0
250235301002,1455.0
250235302001,520.0
250235302002,924.0
250235303001,292.0
250235303002,586.0
250235303003,233.0
250235303004,303.0
250235304001,803.0
250235304002,260.0
250235304003,831.0
250235304004,408.0
250235305001,530.0
250235305002,209.0
250235305003,561.0
250235305004,350.0
250235305005,1022.0
250235306001,236.0
250235306002,401.0
250235306003,669.0
250235306004,564.0
250235306005,332.0
250235307001,1071.0
250235307002,1758.0
250235307003,1503.0
250235308011,2050.0
250235308012,488.0
250235308021,195.0
250235308022,303.0
250235308023,420.0
250235308024,501.0
250235308025,348.0
250235309021,774.0
250235309022,1082.0
250235309031,418.0
250235309032,1376.0
250235309033,502.0
250235309041,816.0
250235309042,171.0
250235401011,432.0
250235401012,690.0
250235401013,578.0
250235401021,1079.0
250235401031,797.0
250235401032,696.0
250235411001,889.0
250235411002,732.0
250235411003,519.0
250235421011,302.0
250235421012,1032.0
250235421013,880.0
250235421014,304.0
250235421021,995.0
250235422001,776.0
250235422002,1700.0
250235422003,643.0
250235423011,282.0
250235423012,594.0
250235423013,153.0
250235423021,101.0
250235423022,767.0
250235423023,363.0
250235431001,1111.0
250235441001,255.0
250235441002,494.0
250235441003,519.0
250235441004,472.0
250235442001,946.0
250235442002,629.0
250235442003,602.0
250235442004,546.0
250235451001,969.0
250235451002,324.0
250235451003,1232.0
250235451004,558.0
250235452001,464.0
250235452002,458.0
250235452003,792.0
250235452004,1045.0
250235453001,384.0
250235453002,548.0
250235453003,313.0
250235453004,865.0
250235454001,822.0
250235454002,551.0
250235454003,273.0
250235454004,434.0
250235454005,707.0
250235601001,925.0
250235601002,148.0
250235601003,924.0
250235601004,629.0
250235601005,615.0
250235601006,347.0
250235611001,788.0
250235611002,396.0
250235611003,445.0
250235611004,454.0
250235611005,403.0
250235614001,1415.0
250235614002,339.0
250235614003,524.0
250239802001,565.0
250239803001,0.0
250239900030,0.0
250250001011,69.0
250250001012,118.0
250250001021,162.0
250250001022,417.0
250250002011,113.0
250250002012,363.0
250250002013,133.0
250250002014,51.0
250250002021,178.0
250250002022,188.0
250250002023,405.0
250250003011,93.0
250250003012,175.0
250250003013,47.0
250250003014,104.0
250250003021,425.0
250250003022,413.0
250250004011,0.0
250250004012,117.0
250250004013,334.0
250250004014,981.0
250250004021,212.0
250250004022,175.0
250250004023,351.0
250250005021,240.0
250250005022,106.0
250250005023,284.0
250250005024,0.0
250250005031,87.0
250250005032,370.0
250250005051,49.0
250250005052,238.0
250250005053,254.0
250250005061,262.0
250250005062,107.0
250250006011,219.0
250250006012,280.0
250250006013,278.0
250250006014,177.0
250250006031,560.0
250250006041,306.0
250250006042,209.0
250250007011,39.0
250250007012,154.0
250250007013,87.0
250250007014,157.0
250250007031,95.0
250250007032,43.0
250250007041,132.0
250250007042,188.0
250250007043,26.0
250250007044,222.0
250250008041,278.0
250250008042,237.0
250250008051,48.0
250250008052,15.0
250250008053,144.0
250250008061,8.0
250250008062,10.0
250250008063,0.0
250250008071,0.0
250250101031,56.0
250250101032,1.0
250250101033,0.0
250250101041,360.0
250250101042,58.0
250250101043,218.0
250250102041,0.0
250250102042,22.0
250250102043,48.0
250250102051,369.0
250250102052,72.0
250250102053,90.0
250250102054,94.0
250250102061,157.0
250250102062,25.0
250250103001,66.0
250250103002,0.0
250250104031,196.0
250250104032,98.0
250250104033,258.0
250250104041,10.0
250250104042,81.0
250250104043,91.0
250250104044,32.0
250250104051,137.0
250250104052,196.0
250250104053,412.0
250250104081,73.0
250250105001,220.0
250250105002,429.0
250250105003,316.0
250250106001,568.0
250250106002,279.0
250250106003,176.0
250250107011,275.0
250250107012,151.0
250250107013,116.0
250250107021,254.0
250250107022,225.0
250250107023,497.0
250250108011,171.0
250250108012,209.0
250250108013,356.0
250250108021,329.0
250250108022,430.0
250250108023,131.0
250250201011,182.0
250250201012,394.0
250250201013,674.0
250250201014,335.0
250250202001,327.0
250250202002,35.0
250250202003,97.0
250250203011,615.0
250250203021,173.0
250250203041,144.0
250250203042,14.0
250250203051,164.0
250250203052,952.0
250250301001,123.0
250250301002,78.0
250250302001,73.0
250250302002,123.0
250250303011,790.0
250250303012,131.0
250250303021,512.0
250250304001,88.0
250250304002,317.0
250250304003,52.0
250250304004,379.0
250250305001,380.0
250250305002,182.0
250250305003,90.0
250250401001,500.0
250250401002,261.0
250250402001,81.0
250250402002,197.0
250250403001,42.0
250250403002,281.0
250250403003,159.0
250250403004,108.0
250250403005,83.0
250250404011,570.0
250250404012,319.0
250250406001,161.0
250250406002,366.0
250250408011,143.0
250250408012,459.0
250250408013,763.0
250250501011,169.0
250250501012,504.0
250250501013,302.0
250250502001,475.0
250250502002,219.0
250250502003,62.0
250250502004,38.0
250250503001,83.0
250250503002,189.0
250250503003,515.0
250250504001,129.0
250250504002,413.0
250250505001,272.0
250250505002,0.0
250250506001,186.0
250250506002,122.0
250250507001,61.0
250250507002,57.0
250250507003,135.0
250250509011,409.0
250250509012,142.0
250250509013,91.0
250250510001,428.0
250250510002,657.0
250250510003,363.0
250250511011,159.0
250250511012,635.0
250250511013,467.0
250250511014,344.0
250250512001,26.0
250250512002,221.0
250250512003,105.0
250250601011,247.0
250250601012,138.0
250250601013,229.0
250250601014,156.0
250250602001,160.0
250250602002,267.0
250250603011,252.0
250250603012,112.0
250250603013,241.0
250250604001,118.0
250250604002,375.0
250250604003,172.0
250250604004,297.0
250250604005,290.0
250250605011,44.0
250250605012,38.0
250250605013,98.0
250250605014,321.0
250250605015,92.0
250250606011,156.0
250250606021,44.0
250250606031,242.0
250250606041,496.0
250250606042,250.0
250250607001,142.0
250250607002,326.0
250250608001,30.0
250250608002,72.0
250250608003,95.0
250250608004,392.0
250250610001,126.0
250250610002,11.0
250250610003,169.0
250250611011,343.0
250250611012,400.0
250250612011,452.0
250250612021,0.0
250250612031,283.0
250250612041,221.0
250250701021,423.0
250250701022,437.0
250250701023,38.0
250250701031,53.0
250250701041,479.0
250250701042,160.0
250250701043,363.0
250250702011,566.0
250250702012,154.0
250250702021,669.0
250250702022,402.0
250250703011,337.0
250250703012,267.0
250250703021,187.0
250250703022,182.0
250250703023,210.0
250250704021,61.0
250250704022,592.0
250250705011,212.0
250250705012,219.0
250250705021,476.0
250250705022,1038.0
250250706001,138.0
250250706002,321.0
250250707001,579.0
250250707002,362.0
250250708011,123.0
250250708021,464.0
250250708022,261.0
250250709011,236.0
250250709021,407.0
250250709022,274.0
250250711011,491.0
250250711012,187.0
250250711013,464.0
250250711014,209.0
250250712011,364.0
250250712012,339.0
250250712013,58.0
250250712014,389.0
250250801001,559.0
250250801002,135.0
250250803001,96.0
250250803002,222.0
250250804011,382.0
250250804012,401.0
250250805001,216.0
250250805002,597.0
250250806011,181.0
250250806012,63.0
250250806013,111.0
250250808011,283.0
250250808012,349.0
250250809001,236.0
250250809002,168.0
250250809003,89.0
250250810011,0.0
250250810012,172.0
250250810013,282.0
250250810014,614.0
250250810015,145.0
250250811011,48.0
250250811012,233.0
250250811021,234.0
250250811022,294.0
250250812001,136.0
250250812002,297.0
250250812003,185.0
250250813011,372.0
250250813012,456.0
250250813021,247.0
250250813022,478.0
250250814001,172.0
250250814002,144.0
250250814003,346.0
250250814004,122.0
250250815001,246.0
250250815002,442.0
250250817001,250.0
250250817002,514.0
250250817003,56.0
250250817004,273.0
250250817005,96.0
250250818001,378.0
250250818002,302.0
250250818003,284.0
250250819001,256.0
250250819002,352.0
250250819003,235.0
250250819004,348.0
250250820001,555.0
250250820002,157.0
250250820003,315.0
250250821001,221.0
250250821002,175.0
250250821003,1014.0
250250901001,307.0
250250901002,221.0
250250901003,114.0
250250901004,399.0
250250901005,55.0
250250902001,110.0
250250902002,136.0
250250902003,325.0
250250903001,221.0
250250903002,356.0
250250903003,284.0
250250904001,173.0
250250904002,202.0
250250904003,281.0
250250904004,240.0
250250906001,226.0
250250906002,426.0
250250907001,240.0
250250907002,410.0
250250907003,269.0
250250907004,186.0
250250909011,216.0
250250909012,410.0
250250910011,110.0
250250910012,264.0
250250910013,142.0
250250910014,456.0
250250911001,216.0
250250911002,332.0
250250911003,215.0
250250911004,225.0
250250911005,81.0
250250912001,305.0
250250912002,244.0
250250912003,76.0
250250913001,189.0
250250913002,242.0
250250914001,575.0
250250914002,501.0
250250915001,298.0
250250915002,336.0
250250915003,72.0
250250916001,329.0
250250916002,60.0
250250916003,288.0
250250917001,257.0
250250917002,238.0
250250917003,181.0
250250918001,368.0
250250918002,216.0
250250918003,342.0
250250919001,185.0
250250919002,99.0
250250919003,279.0
250250919004,217.0
250250920001,231.0
250250920002,549.0
250250920003,251.0
250250920004,147.0
250250921011,848.0
250250921012,203.0
250250921013,430.0
250250921014,151.0
250250921015,975.0
250250922001,285.0
250250922002,298.0
250250922003,158.0
250250922004,298.0
250250923001,251.0
250250923002,223.0
250250923003,265.0
250250923004,102.0
250250924001,227.0
250250924002,120.0
250250924003,383.0
250250924004,250.0
250250924005,206.0
250251001001,171.0
250251001002,59.0
250251001003,216.0
250251001004,262.0
250251001005,171.0
250251001006,215.0
250251001007,253.0
250251002001,365.0
250251002002,234.0
250251002003,283.0
250251003001,425.0
250251003002,246.0
250251003003,246.0
250251003004,369.0
250251004001,262.0
250251004002,484.0
250251004003,476.0
250251004004,391.0
250251005001,714.0
250251005002,266.0
250251005003,232.0
250251005004,480.0
250251005005,123.0
250251006011,92.0
250251006012,349.0
250251006013,31.0
250251006014,758.0
250251006031,365.0
250251006032,207.0
250251007001,121.0
250251007002,406.0
250251007003,137.0
250251007004,152.0
250251007005,121.0
250251008001,153.0
250251008002,553.0
250251008003,357.0
250251008004,350.0
250251008005,230.0
250251008006,445.0
250251009001,187.0
250251009002,223.0
250251009003,655.0
250251009004,553.0
250251010011,230.0
250251010012,263.0
250251010013,326.0
250251010014,508.0
250251010015,393.0
250251010016,344.0
250251010021,355.0
250251010022,887.0
250251010023,875.0
250251011011,180.0
250251011012,643.0
250251011013,285.0
250251011021,271.0
250251011022,364.0
250251011023,208.0
250251011024,480.0
250251101041,195.0
250251101042,257.0
250251101051,555.0
250251101061,219.0
250251101062,534.0
250251102011,714.0
250251103011,458.0
250251103012,363.0
250251104011,593.0
250251104012,485.0
250251104031,336.0
250251104032,235.0
250251104033,428.0
250251104034,363.0
250251104035,167.0
250251105011,83.0
250251105012,489.0
250251105013,272.0
250251105021,192.0
250251105022,639.0
250251105023,258.0
250251106011,1244.0
250251106012,322.0
250251106071,240.0
250251106072,483.0
250251106073,382.0
250251106074,485.0
250251201031,540.0
250251201041,225.0
250251201042,354.0
250251201051,230.0
250251201052,475.0
250251201053,311.0
250251202011,265.0
250251202012,258.0
250251202013,146.0
250251203011,157.0
250251203012,94.0
250251203013,358.0
250251203014,251.0
250251204001,117.0
250251204002,269.0
250251204003,214.0
250251204004,526.0
250251204005,533.0
250251205001,207.0
250251205002,229.0
250251205003,96.0
250251206001,241.0
250251206002,97.0
250251206003,220.0
250251207001,131.0
250251207002,409.0
250251301011,410.0
250251301012,209.0
250251301013,266.0
250251301014,271.0
250251301015,227.0
250251301016,228.0
250251302001,100.0
250251302002,293.0
250251302003,480.0
250251302004,371.0
250251302005,321.0
250251303001,494.0
250251303002,391.0
250251303003,393.0
250251303004,254.0
250251303005,308.0
250251304021,347.0
250251304022,520.0
250251304023,329.0
250251304024,683.0
250251304041,787.0
250251304042,366.0
250251304061,291.0
250251304062,831.0
250251304063,35.0
250251401021,278.0
250251401022,256.0
250251401023,323.0
250251401024,515.0
250251401051,796.0
250251401052,401.0
250251401061,485.0
250251401062,183.0
250251401071,675.0
250251401072,224.0
250251402011,373.0
250251402012,178.0
250251402021,320.0
250251402022,251.0
250251402023,334.0
250251402024,497.0
250251402025,194.0
250251403001,342.0
250251403002,338.0
250251403003,818.0
250251403004,208.0
250251403005,309.0
250251403006,521.0
250251404001,274.0
250251404002,311.0
250251404003,507.0
250251404004,27.0
250251404005,716.0
250251404006,538.0
250251404007,651.0
250251601021,126.0
250251601022,118.0
250251601023,235.0
250251601024,27.0
250251601031,255.0
250251601032,142.0
250251601033,228.0
250251601034,300.0
250251602001,250.0
250251602002,261.0
250251602003,78.0
250251602004,204.0
250251603001,100.0
250251603002,923.0
250251604001,210.0
250251604002,87.0
250251604003,85.0
250251604004,206.0
250251605011,563.0
250251605012,40.0
250251605013,343.0
250251605014,461.0
250251605015,93.0
250251605021,187.0
250251605022,0.0
250251605023,340.0
250251605024,345.0
250251605025,247.0
250251606011,299.0
250251606012,218.0
250251606013,487.0
250251606014,86.0
250251606021,209.0
250251606022,160.0
250251606023,125.0
250251606024,68.0
250251606025,270.0
250251701011,628.0
250251701012,371.0
250251701013,323.0
250251701021,463.0
250251701022,291.0
250251701023,449.0
250251701024,186.0
250251702001,584.0
250251702002,619.0
250251702003,334.0
250251702004,449.0
250251703011,697.0
250251703012,501.0
250251703013,418.0
250251703014,207.0
250251703021,189.0
250251703022,75.0
250251703023,151.0
250251704001,779.0
250251704002,415.0
250251704003,205.0
250251704004,60.0
250251704005,519.0
250251705021,356.0
250251705022,695.0
250251705023,323.0
250251705031,481.0
250251705041,269.0
250251705042,93.0
250251706011,410.0
250251706012,602.0
250251706013,285.0
250251706014,216.0
250251707011,72.0
250251707012,378.0
250251707021,199.0
250251707022,490.0
250251707023,427.0
250251707024,75.0
250251707025,447.0
250251708001,477.0
250251708002,468.0
250251708003,221.0
250251708004,557.0
250251801011,239.0
250251801012,751.0
250251801013,308.0
250251801014,329.0
250251802001,443.0
250251802002,137.0
250251802003,216.0
250251802004,723.0
250251803011,251.0
250251803012,254.0
250251803013,244.0
250251803014,289.0
250251804001,302.0
250251804002,290.0
250251805001,404.0
250251805002,40.0
250251805003,490.0
250251805004,350.0
250259801011,27.0
250259803001,58.0
250259807001,3.0
250259809001,5.0
250259810001,0.0
250259811001,0.0
250259811002,0.0
250259811003,11.0
250259811004,0.0
250259812011,0.0
250259812021,0.0
250259812022,0.0
250259813001,32.0
250259815011,0.0
250259815021,0.0
250259816001,0.0
250259817001,0.0
250259818001,20.0
250259819001,0.0
250259901010,0.0
250277001001,426.0
250277001002,435.0
250277001003,259.0
250277001004,884.0
250277001005,296.0
250277001006,91.0
250277011011,733.0
250277011012,264.0
250277011013,703.0
250277011021,284.0
250277011022,274.0
250277011023,122.0
250277011024,291.0
250277022011,617.0
250277022021,582.0
250277031001,363.0
250277031002,253.0
250277031003,808.0
250277032001,191.0
250277032002,637.0
250277032003,236.0
250277033001,718.0
250277033002,778.0
250277042011,741.0
250277042021,638.0
250277051011,328.0
250277051012,256.0
250277051013,472.0
250277051021,174.0
250277051022,584.0
250277051023,210.0
250277051024,545.0
250277061001,1101.0
250277061002,601.0
250277071001,505.0
250277071002,917.0
250277072001,275.0
250277072002,547.0
250277073001,320.0
250277073002,561.0
250277073003,419.0
250277074001,1187.0
250277074002,408.0
250277074003,322.0
250277075001,758.0
250277075002,715.0
250277075003,753.0
250277081001,784.0
250277081002,666.0
250277081003,715.0
250277081004,800.0
250277081005,512.0
250277091001,770.0
250277091002,474.0
250277091003,322.0
250277092011,777.0
250277092012,347.0
250277092013,950.0
250277092014,594.0
250277092031,108.0
250277092032,603.0
250277092033,644.0
250277092041,764.0
250277092042,373.0
250277092043,527.0
250277094001,630.0
250277094002,306.0
250277094003,446.0
250277095011,911.0
250277095021,529.0
250277095022,748.0
250277095023,1215.0
250277096001,160.0
250277096002,227.0
250277096003,327.0
250277097011,254.0
250277097012,338.0
250277097013,580.0
250277097014,347.0
250277097015,444.0
250277097021,481.0
250277097022,462.0
250277101001,269.0
250277101002,154.0
250277101003,149.0
250277101004,298.0
250277102001,189.0
250277102002,104.0
250277102003,199.0
250277102004,181.0
250277102005,554.0
250277102006,494.0
250277103001,633.0
250277103002,442.0
250277104001,368.0
250277104002,306.0
250277105001,124.0
250277105002,388.0
250277105003,307.0
250277106011,134.0
250277106012,440.0
250277106021,443.0
250277106022,453.0
250277106023,390.0
250277107001,254.0
250277107002,301.0
250277108001,383.0
250277108002,331.0
250277108003,432.0
250277108004,130.0
250277110001,428.0
250277110002,182.0
250277110003,41.0
250277111001,810.0
250277111002,876.0
250277121011,580.0
250277121012,1320.0
250277121013,493.0
250277121014,397.0
250277121021,818.0
250277121022,566.0
250277131001,640.0
250277131002,648.0
250277131003,848.0
250277131004,725.0
250277151001,800.0
250277151002,314.0
250277151003,688.0
250277161011,892.0
250277161012,596.0
250277161021,325.0
250277161022,202.0
250277161023,348.0
250277161024,387.0
250277162001,464.0
250277162002,349.0
250277163001,168.0
250277163002,619.0
250277163003,231.0
250277171001,1489.0
250277181001,1160.0
250277181002,678.0
250277191001,602.0
250277191002,679.0
250277191003,603.0
250277191004,562.0
250277191005,1106.0
250277201001,692.0
250277201002,584.0
250277211011,666.0
250277211031,344.0
250277211032,743.0
250277211041,789.0
250277211042,583.0
250277221001,852.0
250277221002,190.0
250277221003,723.0
250277221004,211.0
250277231001,779.0
250277231002,224.0
250277231003,379.0
250277241001,623.0
250277241002,682.0
250277241003,796.0
250277251001,404.0
250277251002,630.0
250277251003,164.0
250277251004,88.0
250277251005,651.0
250277261001,868.0
250277261002,588.0
250277261003,499.0
250277261004,332.0
250277261005,283.0
250277262001,955.0
250277262002,440.0
250277262003,776.0
250277262004,604.0
250277271001,686.0
250277271002,1029.0
250277281001,793.0
250277281002,753.0
250277281003,242.0
250277282001,498.0
250277282002,223.0
250277282003,347.0
250277282004,409.0
250277283001,952.0
250277283002,909.0
250277284001,613.0
250277284002,333.0
250277284003,585.0
250277291001,998.0
250277291002,987.0
250277292001,308.0
250277292002,856.0
250277301001,132.0
250277301002,529.0
250277301003,639.0
250277301004,440.0
250277302001,258.0
250277302002,564.0
250277302003,553.0
250277302004,566.0
250277302005,551.0
250277303001,212.0
250277303002,574.0
250277303003,436.0
250277303004,95.0
250277303005,253.0
250277304011,481.0
250277304012,564.0
250277304013,474.0
250277304014,765.0
250277304021,149.0
250277304022,214.0
250277305001,186.0
250277305002,174.0
250277305003,254.0
250277306001,1711.0
250277306002,220.0
250277306003,417.0
250277306004,356.0
250277306005,426.0
250277307001,756.0
250277307002,282.0
250277307003,838.0
250277307004,618.0
250277308011,325.0
250277308012,913.0
250277308013,206.0
250277308021,212.0
250277308022,388.0
250277309011,323.0
250277309012,277.0
250277309013,649.0
250277309021,316.0
250277309022,365.0
250277309023,390.0
250277310011,885.0
250277310021,320.0
250277310022,714.0
250277310023,895.0
250277310024,185.0
250277311011,310.0
250277311012,113.0
250277311013,516.0
250277311014,129.0
250277311021,137.0
250277311022,494.0
250277311023,142.0
250277312021,0.0
250277312031,857.0
250277312032,154.0
250277312033,352.0
250277312034,191.0
250277312041,176.0
250277312042,297.0
250277313001,346.0
250277313002,231.0
250277313003,315.0
250277314001,383.0
250277314002,328.0
250277314003,153.0
250277314004,105.0
250277314005,73.0
250277315001,145.0
250277315002,298.0
250277315003,179.0
250277315004,63.0
250277315005,425.0
250277316011,234.0
250277316012,166.0
250277316013,313.0
250277316014,161.0
250277316015,109.0
250277316021,55.0
250277316022,35.0
250277317001,274.0
250277317002,115.0
250277317003,356.0
250277318011,164.0
250277318012,1012.0
250277318021,138.0
250277318022,350.0
250277318023,279.0
250277318024,58.0
250277319001,199.0
250277319002,178.0
250277319003,76.0
250277319004,438.0
250277320011,78.0
250277320012,147.0
250277320021,493.0
250277320022,643.0
250277320023,350.0
250277322011,505.0
250277322012,513.0
250277322021,373.0
250277322022,753.0
250277322031,112.0
250277322032,496.0
250277322033,144.0
250277323011,353.0
250277323012,976.0
250277323021,590.0
250277323022,461.0
250277324001,306.0
250277324002,786.0
250277324003,161.0
250277324004,18.0
250277324005,241.0
250277324006,71.0
250277325001,117.0
250277325002,275.0
250277326001,516.0
250277326002,232.0
250277326003,135.0
250277326004,70.0
250277326005,191.0
250277327001,434.0
250277327002,127.0
250277327003,349.0
250277327004,181.0
250277328011,736.0
250277328012,895.0
250277328021,771.0
250277328022,377.0
250277328023,256.0
250277329011,180.0
250277329012,687.0
250277329013,207.0
250277329014,371.0
250277329015,279.0
250277329021,0.0
250277330001,317.0
250277330002,259.0
250277330003,212.0
250277331011,271.0
250277331012,374.0
250277331021,285.0
250277331022,388.0
250277351001,244.0
250277351002,524.0
250277351003,791.0
250277351004,736.0
250277352001,387.0
250277352002,271.0
250277352003,783.0
250277352004,471.0
250277361001,307.0
250277361002,602.0
250277362001,131.0
250277362002,505.0
250277362003,426.0
250277363001,271.0
250277363002,397.0
250277364001,718.0
250277364002,406.0
250277365001,196.0
250277365002,275.0
250277365003,570.0
250277365004,428.0
250277365005,427.0
250277371001,373.0
250277371002,710.0
250277371003,1094.0
250277372001,229.0
250277372002,429.0
250277373001,750.0
250277373002,349.0
250277373003,676.0
250277373004,493.0
250277381001,291.0
250277381002,569.0
250277381003,567.0
250277382011,523.0
250277382012,704.0
250277382021,782.0
250277382022,314.0
250277382023,975.0
250277391011,334.0
250277391012,398.0
250277391013,862.0
250277391021,414.0
250277391022,836.0
250277392011,401.0
250277392012,345.0
250277392021,342.0
250277392022,549.0
250277393001,833.0
250277393002,637.0
250277394011,763.0
250277394012,528.0
250277394013,359.0
250277394014,662.0
250277394021,822.0
250277395001,909.0
250277395002,276.0
250277395003,1054.0
250277395004,241.0
250277401011,579.0
250277401012,922.0
250277401013,642.0
250277401021,967.0
250277401022,437.0
250277401023,618.0
250277402001,292.0
250277402002,459.0
250277402003,336.0
250277411011,267.0
250277411012,489.0
250277411013,653.0
250277411021,258.0
250277411022,660.0
250277411023,353.0
250277411024,297.0
250277423001,444.0
250277423002,214.0
250277423003,262.0
250277423004,298.0
250277423005,191.0
250277424011,732.0
250277424012,481.0
250277424013,680.0
250277424021,301.0
250277424022,170.0
250277424023,242.0
250277431001,1215.0
250277431002,886.0
250277431003,281.0
250277431004,592.0
250277441021,664.0
250277441022,466.0
250277441023,730.0
250277441031,587.0
250277441032,567.0
250277441041,783.0
250277441042,330.0
250277441043,508.0
250277442011,584.0
250277442012,318.0
250277442021,189.0
250277442022,318.0
250277442023,338.0
250277442024,790.0
250277443001,191.0
250277443002,400.0
250277443003,185.0
250277443004,333.0
250277444001,460.0
250277444002,330.0
250277444003,420.0
250277451001,745.0
250277451002,723.0
250277451003,507.0
250277461001,556.0
250277461002,523.0
250277461003,597.0
250277461004,250.0
250277471011,994.0
250277471012,667.0
250277471013,234.0
250277471021,465.0
250277471022,569.0
250277481001,488.0
250277481002,511.0
250277491001,925.0
250277491002,787.0
250277491003,683.0
250277491004,603.0
250277492001,1218.0
250277492002,277.0
250277492003,340.0
250277501001,515.0
250277501002,775.0
250277501003,645.0
250277502001,515.0
250277502002,493.0
250277502003,1169.0
250277503001,1063.0
250277511011,851.0
250277511012,265.0
250277511013,434.0
250277511014,496.0
250277511021,482.0
250277511022,733.0
250277521011,888.0
250277521012,824.0
250277521021,469.0
250277521022,780.0
250277531001,180.0
250277531002,293.0
250277531003,479.0
250277531004,566.0
250277531005,658.0
250277532001,702.0
250277532002,533.0
250277532003,265.0
250277532004,627.0
250277541001,544.0
250277541002,975.0
250277541003,827.0
250277541004,754.0
250277542001,350.0
250277542002,287.0
250277542003,580.0
250277543001,149.0
250277543002,331.0
250277543003,167.0
250277544001,468.0
250277544002,248.0
250277544003,276.0
250277544004,167.0
250277551001,680.0
250277551002,438.0
250277552011,372.0
250277552012,805.0
250277552013,219.0
250277552021,446.0
250277552022,446.0
250277552023,323.0
250277561011,703.0
250277561012,747.0
250277561013,217.0
250277561021,881.0
250277561022,589.0
250277561023,326.0
250277561024,993.0
250277571001,239.0
250277571002,509.0
250277571003,400.0
250277571004,373.0
250277572001,163.0
250277572002,124.0
250277572003,299.0
250277573001,329.0
250277573002,325.0
250277574001,210.0
250277574002,139.0
250277574003,528.0
250277575001,527.0
250277575002,363.0
250277575003,311.0
250277575004,627.0
250277581011,1004.0
250277581031,896.0
250277581032,381.0
250277581033,256.0
250277581041,482.0
250277581042,593.0
250277591001,1008.0
250277601001,716.0
250277601002,435.0
250277601003,323.0
250277611001,376.0
250277611002,269.0
250277611003,157.0
250277611004,756.0
250277612001,532.0
250277612002,274.0
250277612003,752.0
250277613001,181.0
250277613002,371.0
250277613003,340.0
250277614011,322.0
250277614012,221.0
250277614013,435.0
250277614014,320.0
250277614021,390.0
250277614022,503.0
